CASEID,V000,V001,V002,V008,V010,V011,V012,V013,V015,V020,V106,V107,V113,V116,V119,V120,V121,V122,V123,V124,V125,V129,V136,V137,V149,V153,V167,V170,V171A,V190,V191,V394
318   1  2,KH8,318,1,1462,1993,1127,27,3,1,0,2,9,11,11,1,0,0,0,0,1,0,31,3,1,3,0,,1,1,4,109079,0
318   2  2,KH8,318,2,1462,1994,1129,27,3,1,0,2,8,97,97,7,7,7,7,7,7,7,97,3,0,3,7,,0,0,5,127349,1
318   3  1,KH8,318,3,1462,1985,1021,36,5,1,0,2,7,11,11,1,0,0,0,0,1,0,36,2,0,3,0,,0,1,5,120247,0
318   4  1,KH8,318,4,1462,1994,1131,27,3,1,0,2,12,11,11,1,0,0,0,0,1,0,31,2,0,4,0,,1,1,5,127007,0
318   5  1,KH8,318,5,1462,1989,1076,32,4,1,0,3,4,11,11,1,1,1,1,0,0,1,36,2,0,5,0,,1,0,5,203446,0
318   6  1,KH8,318,6,1462,1993,1128,27,3,1,0,2,8,14,11,1,0,1,1,0,0,0,35,1,0,3,0,,1,0,5,159374,0
318   8  1,KH8,318,8,1462,1988,1064,33,4,1,0,2,7,11,11,1,0,0,1,0,1,0,36,1,0,3,0,,1,1,5,171401,1
318  11  1,KH8,318,11,1462,1994,1137,27,3,1,0,2,8,11,11,1,0,0,1,0,0,0,36,1,0,3,0,,0,1,5,145201,0
318  12  1,KH8,318,12,1462,1984,1015,37,5,1,0,1,3,71,11,1,0,0,0,0,1,0,31,1,0,1,0,,1,1,4,95319,0
318  13  2,KH8,318,13,1462,1997,1167,24,2,1,0,1,6,11,11,1,0,0,0,1,1,1,36,3,0,2,0,,1,1,5,151390,0
318  14  1,KH8,318,14,1462,1988,1066,33,4,1,0,2,7,14,11,1,0,0,0,0,1,0,31,2,0,3,0,,0,0,5,117248,0
318  15  2,KH8,318,15,1462,1987,1049,34,4,1,0,0,,11,11,1,0,0,1,0,1,0,36,2,0,0,0,,0,0,5,138501,0
318  16  4,KH8,318,16,1462,1995,1151,25,3,1,0,3,4,11,11,1,0,1,1,1,0,1,34,4,0,5,0,,1,1,5,193894,0
318  17  2,KH8,318,17,1462,1990,1091,30,4,1,0,2,12,11,11,1,0,0,1,1,1,0,31,5,1,4,0,,1,1,5,126530,1
318  18  2,KH8,318,18,1462,1989,1074,32,4,1,0,1,6,11,11,1,0,0,0,0,1,0,31,3,0,2,0,,1,1,4,90039,1
318  19  2,KH8,318,19,1462,2002,1234,19,1,1,0,2,10,11,11,1,0,0,1,0,1,1,31,7,1,3,0,,0,0,5,169442,0
318  20  1,KH8,318,20,1462,1987,1051,34,4,1,0,2,12,11,11,1,0,1,1,0,1,0,31,3,0,4,0,,1,1,5,164474,1
318  20  3,KH8,318,20,1462,2000,1208,21,2,1,0,2,8,11,11,1,0,1,1,0,1,0,31,3,0,3,0,,1,1,5,164474,1
318  21  2,KH8,318,21,1462,1986,1034,35,5,1,0,2,11,11,11,1,0,1,1,1,1,0,31,2,0,3,0,,0,1,5,167621,0
318  22  1,KH8,318,22,1462,2001,1222,20,2,1,0,3,1,14,11,1,0,0,0,0,1,0,31,2,0,5,0,,1,0,5,132220,1
318  22  2,KH8,318,22,1462,2001,1216,20,2,1,0,3,1,14,11,1,0,0,0,0,1,0,31,2,0,5,0,,1,0,5,132220,0
318  23  3,KH8,318,23,1462,1987,1051,34,4,1,0,3,4,11,11,1,0,0,1,1,1,0,33,7,2,5,0,,1,1,5,163607,0
318  24  4,KH8,318,24,1462,1996,1162,25,3,1,0,2,9,11,11,1,0,1,0,1,1,0,36,5,1,3,0,,0,1,5,173574,1
318  26  3,KH8,318,26,1462,1991,1098,30,4,1,0,3,4,11,11,1,0,1,0,1,1,1,31,6,2,5,0,,1,1,4,82046,1
318  27  2,KH8,318,27,1462,1987,1049,34,4,1,0,2,8,11,11,1,0,0,0,0,1,0,31,8,2,3,0,,0,0,5,126338,0
318  27  3,KH8,318,27,1462,1989,1075,32,4,1,0,2,9,11,11,1,0,0,0,0,1,0,31,8,2,3,0,,1,1,5,126338,0
318  28  3,KH8,318,28,1462,1987,1045,34,4,1,0,2,12,14,11,1,1,1,1,1,1,0,33,5,0,4,0,,1,0,5,122532,0
318  28  5,KH8,318,28,1462,1994,1138,27,3,1,0,3,3,14,11,1,1,1,1,1,1,0,33,5,0,5,0,,1,1,5,122532,0
318  29  1,KH8,318,29,1462,1986,1041,35,5,1,0,2,9,11,11,1,0,0,1,1,1,0,31,4,0,3,0,,1,1,5,133340,0
318  29  4,KH8,318,29,1462,1996,1155,25,3,1,0,3,4,11,11,1,0,0,1,1,1,0,31,4,0,5,0,,1,1,5,133340,0
318  30  1,KH8,318,30,1462,1988,1061,33,4,1,0,1,1,11,11,1,0,0,1,0,1,0,31,2,0,1,0,,0,1,5,115239,1
319   5  3,KH8,319,5,1461,1986,1035,35,5,1,0,1,5,11,11,1,0,1,1,1,1,1,36,3,0,1,0,,1,1,5,181130,0
319   6  1,KH8,319,6,1461,1982,993,39,5,1,0,1,3,11,11,1,0,0,1,1,1,1,31,6,0,1,0,,0,1,5,135025,0
319   9  1,KH8,319,9,1461,1986,1036,35,5,1,0,1,6,11,11,1,0,1,1,1,1,0,31,4,2,2,0,,1,1,5,185170,0
319  10  1,KH8,319,10,1461,1975,906,46,7,1,0,3,3,11,11,1,0,1,1,0,1,0,36,1,0,5,0,,1,1,5,203092,0
319  12  1,KH8,319,12,1461,1977,929,44,6,1,0,1,3,14,11,1,0,1,1,1,1,1,31,5,0,1,0,,1,1,5,194162,0
319  12  3,KH8,319,12,1461,2001,1221,20,2,1,0,3,2,14,11,1,0,1,1,1,1,1,31,5,0,5,0,,1,1,5,194162,0
319  14  1,KH8,319,14,1461,1993,1123,28,3,1,0,1,6,11,11,1,0,0,0,0,0,0,33,4,2,2,0,,0,1,4,71006,0
319  16  3,KH8,319,16,1461,2002,1231,19,1,1,0,3,1,11,11,1,0,1,1,1,1,0,33,4,0,5,0,,0,1,5,144806,1
319  18  1,KH8,319,18,1461,1975,910,45,7,1,0,1,6,11,11,1,0,1,1,0,1,0,31,8,1,2,0,,0,1,5,127401,1
319  18  2,KH8,319,18,1461,2005,1271,15,1,1,0,2,10,11,11,1,0,1,1,0,1,0,31,8,1,3,0,,0,1,5,127401,0
319  18  4,KH8,319,18,1461,1987,1045,34,4,1,0,1,5,11,11,1,0,1,1,0,1,0,31,8,1,1,0,,0,1,5,127401,1
319  19  1,KH8,319,19,1461,1983,998,38,5,1,0,1,5,71,11,1,0,0,1,0,0,0,36,3,0,1,0,,0,0,5,124444,0
319  19  2,KH8,319,19,1461,2005,1264,16,1,1,0,2,10,71,11,1,0,0,1,0,0,0,36,3,0,3,0,,0,0,5,124444,0
319  20  2,KH8,319,20,1461,1975,903,46,7,1,0,2,12,14,11,1,0,1,1,0,1,1,35,5,0,4,0,,0,0,5,173351,0
319  22  2,KH8,319,22,1461,1982,985,39,5,1,0,0,,71,11,1,0,0,1,0,1,1,31,4,1,0,0,,1,1,5,172293,0
319  22  3,KH8,319,22,1461,1995,1145,26,3,1,0,2,9,71,11,1,0,0,1,0,1,1,31,4,1,3,0,,1,1,5,172293,1
319  23  1,KH8,319,23,1461,1976,913,45,7,1,0,2,8,11,11,1,0,1,0,0,1,0,36,5,0,3,0,,0,1,5,160485,0
319  23  3,KH8,319,23,1461,2004,1251,17,1,1,0,2,11,11,11,1,0,1,0,0,1,0,36,5,0,3,0,,0,1,5,160485,1
319  26  1,KH8,319,26,1461,1987,1050,34,4,1,0,2,7,14,11,1,0,1,1,0,1,0,35,1,0,3,0,,1,0,5,170525,0
319  27  2,KH8,319,27,1461,1986,1036,35,5,1,0,2,8,11,11,1,0,1,1,0,1,0,36,5,0,3,0,,0,1,5,174274,0
319  29  1,KH8,319,29,1461,1985,1021,36,5,1,0,2,11,11,11,1,0,0,0,0,0,0,36,1,0,3,0,,0,0,5,132037,0
319  30  5,KH8,319,30,1461,1997,1171,24,2,1,0,2,10,11,11,1,0,1,1,0,1,0,33,11,2,3,0,,0,1,5,157839,1
319  30  6,KH8,319,30,1461,2000,1202,21,2,1,0,2,12,11,11,1,0,1,1,0,1,0,33,11,2,4,0,,0,1,5,157839,0
320   1  4,KH8,320,1,1461,1995,1151,25,3,1,0,2,7,11,11,1,0,1,1,0,1,1,31,4,0,3,0,,0,1,5,175305,0
320   2  3,KH8,320,2,1461,1990,1086,31,4,1,0,2,8,14,11,1,1,1,1,1,1,0,35,6,1,3,0,,1,1,5,149099,0
320   4  1,KH8,320,4,1461,1995,1152,25,3,1,0,1,6,71,11,1,0,0,1,0,0,0,31,2,0,2,0,,0,1,4,98303,0
320   5  2,KH8,320,5,1461,1984,1011,37,5,1,0,1,2,11,11,1,0,0,0,0,1,0,31,6,1,1,0,,0,1,4,96849,1
320   5  3,KH8,320,5,1461,2003,1237,18,1,1,0,1,3,11,11,1,0,0,0,0,1,0,31,6,1,1,0,,0,1,4,96849,1
320   7  2,KH8,320,7,1461,1975,905,46,7,1,0,1,1,11,11,1,0,1,0,1,1,0,31,4,0,1,0,,0,0,5,120653,0
320   8  5,KH8,320,8,1461,1997,1175,23,2,1,0,3,4,11,11,1,0,1,1,0,1,0,31,5,0,5,0,,1,1,5,132821,0
320   9  1,KH8,320,9,1461,1983,1002,38,5,1,0,1,6,11,11,1,0,1,0,1,0,0,31,2,0,2,0,,0,1,3,25870,1
320  10  2,KH8,320,10,1461,1986,1033,35,5,1,0,0,,11,11,1,0,0,0,0,1,0,31,3,0,0,0,,0,1,4,97494,1
320  12  3,KH8,320,12,1461,1994,1136,27,3,1,0,2,12,14,11,1,0,1,1,0,1,0,31,4,1,4,0,,1,1,5,150874,0
320  13  2,KH8,320,13,1461,1981,973,40,6,1,0,0,,11,11,1,0,1,1,0,1,0,31,6,0,0,0,,0,0,5,148133,0
320  13  3,KH8,320,13,1461,2005,1267,16,1,1,0,2,7,11,11,1,0,1,1,0,1,0,31,6,0,3,0,,0,0,5,148133,0
320  14  2,KH8,320,14,1461,1996,1153,25,3,1,0,1,6,11,11,1,0,1,1,0,1,0,31,4,2,2,0,,1,1,5,137181,1
320  15  2,KH8,320,15,1461,1997,1166,24,2,1,0,3,2,11,11,1,0,1,1,0,1,0,36,2,0,5,0,,1,1,5,167598,1
320  16  3,KH8,320,16,1461,2004,1249,17,1,1,0,2,11,11,11,1,0,1,1,0,1,0,33,3,0,3,0,,0,1,5,156084,0
320  18  2,KH8,320,18,1461,1973,888,47,7,1,0,1,5,11,11,1,0,1,1,1,1,0,31,5,0,1,0,,1,2,5,183207,0
320  18  3,KH8,320,18,1461,2000,1212,20,2,1,0,2,8,11,11,1,0,1,1,1,1,0,31,5,0,3,0,,1,1,5,183207,1
320  19  2,KH8,320,19,1461,1975,912,45,7,1,0,2,7,11,11,1,0,0,1,0,1,0,31,5,0,3,0,,0,0,5,151649,0
320  19  4,KH8,320,19,1461,2000,1208,21,2,1,0,2,9,11,11,1,0,0,1,0,1,0,31,5,0,3,0,,0,1,5,151649,0
320  20  3,KH8,320,20,1461,1992,1105,29,3,1,0,2,11,14,11,1,0,1,1,0,1,0,31,5,1,3,0,,1,1,5,153084,0
320  21  3,KH8,320,21,1461,1990,1088,31,4,1,0,2,9,11,11,1,0,1,1,0,1,0,31,4,0,3,0,,0,1,5,168309,0
320  23  3,KH8,320,23,1461,1983,1008,37,5,1,0,1,2,11,11,1,0,1,1,0,1,0,31,7,1,1,0,,0,1,5,144661,0
320  24  2,KH8,320,24,1461,1986,1040,35,5,1,0,0,,11,11,1,0,1,0,0,1,0,31,2,0,0,0,,1,1,4,96037,0
320  25  2,KH8,320,25,1461,1990,1090,30,4,1,0,2,7,11,11,1,0,1,1,1,1,0,31,3,1,3,0,,0,0,5,180081,0
320  26  3,KH8,320,26,1461,1999,1194,22,2,1,0,0,,14,11,1,0,1,1,0,1,0,35,6,2,0,0,,0,0,5,144706,1
320  27  2,KH8,320,27,1461,1980,970,40,6,1,0,2,7,11,11,1,0,1,1,1,1,0,31,4,0,3,0,,0,1,5,172360,0
320  28  1,KH8,320,28,1461,1976,923,44,6,1,0,0,,11,11,1,0,0,0,1,1,0,31,3,0,0,0,,0,1,5,118290,0
320  29  2,KH8,320,29,1461,1983,1008,37,5,1,0,1,6,11,11,1,0,1,1,1,1,0,31,5,0,2,0,,0,1,5,135619,1
320  30  2,KH8,320,30,1461,1982,994,38,5,1,0,1,5,11,11,1,0,0,1,1,1,0,31,8,2,1,0,,0,1,4,88978,0
321   1  2,KH8,321,1,1464,1975,906,46,7,1,0,1,6,11,11,1,0,1,0,0,1,1,31,5,0,2,0,,1,1,5,146453,0
321   1  3,KH8,321,1,1464,2006,1281,15,1,1,0,2,8,11,11,1,0,1,0,0,1,1,31,5,0,3,0,,0,0,5,146453,0
321   4  4,KH8,321,4,1464,2000,1205,21,2,1,0,3,3,14,11,1,0,1,1,0,1,1,31,5,0,5,0,,0,0,5,198085,0
321   4  5,KH8,321,4,1464,2003,1246,18,1,1,0,2,11,14,11,1,0,1,1,0,1,1,31,5,0,3,0,,0,0,5,198085,0
321   5  2,KH8,321,5,1464,1987,1049,34,4,1,0,3,4,11,11,1,0,0,1,0,1,1,36,4,1,5,0,,1,1,5,202256,1
321   6  2,KH8,321,6,1464,1995,1149,26,3,1,0,2,12,71,11,1,0,0,1,0,1,0,31,4,0,4,0,,1,1,5,147443,0
321   6  3,KH8,321,6,1464,1998,1187,23,2,1,0,3,4,71,11,1,0,0,1,0,1,0,31,4,0,5,0,,1,1,5,147443,0
321   9  4,KH8,321,9,1464,1997,1174,24,2,1,0,3,4,11,11,1,0,1,1,0,1,0,31,5,0,5,0,,1,1,5,159385,0
321   9  5,KH8,321,9,1464,1992,1112,29,3,1,0,2,12,11,11,1,0,1,1,0,1,0,31,5,0,4,0,,1,1,5,159385,0
321  11  3,KH8,321,11,1464,1999,1192,22,2,1,0,3,4,11,11,1,0,1,1,1,1,0,31,4,0,5,0,,1,1,5,177202,0
321  11  4,KH8,321,11,1464,2005,1261,16,1,1,0,2,10,11,11,1,0,1,1,1,1,0,31,4,0,3,0,,0,1,5,177202,1
321  12  4,KH8,321,12,1464,1993,1122,28,3,1,0,3,4,11,11,1,1,1,1,0,1,0,31,5,1,5,0,,1,1,5,154301,1
321  13  3,KH8,321,13,1464,1997,1167,24,2,1,0,2,8,71,11,1,0,0,0,0,1,0,31,8,2,3,0,,0,0,5,121221,0
321  13  6,KH8,321,13,1464,1996,1164,25,3,1,0,2,8,71,11,1,0,0,0,0,1,0,31,8,2,3,0,,1,1,5,121221,0
321  14  1,KH8,321,14,1464,1990,1083,31,4,1,0,2,10,14,11,1,0,1,1,0,1,0,36,3,0,3,0,,0,0,5,159156,0
321  15  2,KH8,321,15,1464,1975,902,46,7,1,0,1,5,11,11,1,0,1,1,1,1,0,31,3,0,1,0,,0,1,5,146874,0
321  15  3,KH8,321,15,1464,2002,1229,19,1,1,0,2,12,11,11,1,0,1,1,1,1,0,31,3,0,4,0,,0,1,5,146874,0
321  16  2,KH8,321,16,1464,2005,1267,16,1,1,0,2,8,71,11,1,0,0,1,1,1,0,36,2,0,3,0,,0,1,5,166373,0
321  17  2,KH8,321,17,1464,1995,1145,26,3,1,0,3,4,11,11,1,0,0,1,1,1,0,31,5,0,5,0,,1,1,4,109739,0
321  17  4,KH8,321,17,1464,2000,1202,21,2,1,0,3,3,11,11,1,0,0,1,1,1,0,31,5,0,5,0,,1,1,4,109739,0
321  18  2,KH8,321,18,1464,1988,1057,33,4,1,0,2,12,11,11,1,0,1,1,0,1,1,31,4,1,4,0,,1,1,5,164298,1
321  20  1,KH8,321,20,1464,1976,918,45,7,1,0,1,3,14,11,1,0,0,0,0,0,0,31,2,0,1,0,,0,0,4,87786,0
321  23  3,KH8,321,23,1464,1986,1037,35,5,1,0,2,11,11,11,1,0,1,1,0,1,0,35,7,1,3,0,,1,1,5,179999,0
321  23  4,KH8,321,23,1464,1993,1120,28,3,1,0,3,4,11,11,1,0,1,1,0,1,0,35,7,1,5,0,,1,1,5,179999,0
321  24  3,KH8,321,24,1464,1994,1131,27,3,1,0,3,4,11,11,1,0,1,1,0,1,0,35,3,0,5,0,,1,1,5,165311,0
321  25  2,KH8,321,25,1464,1982,986,39,5,1,0,3,4,11,11,1,0,1,1,0,1,1,35,5,0,5,0,,1,1,5,204803,1
321  25  3,KH8,321,25,1464,2001,1213,20,2,1,0,3,2,11,11,1,0,1,1,0,1,1,35,5,0,5,0,,0,1,5,204803,0
321  25  4,KH8,321,25,1464,2005,1263,16,1,1,0,2,10,11,11,1,0,1,1,0,1,1,35,5,0,3,0,,0,0,5,204803,0
321  26  2,KH8,321,26,1464,1980,970,41,6,1,0,2,8,11,11,1,0,1,1,1,1,1,31,4,0,3,0,,1,1,5,185902,0
321  27  2,KH8,321,27,1464,1983,1002,38,5,1,0,1,4,11,11,1,0,1,0,0,1,0,31,6,2,1,0,,0,1,4,96717,1
321  28  2,KH8,321,28,1464,1990,1091,31,4,1,0,2,9,71,11,1,0,1,1,1,1,1,36,3,0,3,0,,1,1,5,193787,0
321  29  7,KH8,321,29,1464,2004,1255,17,1,1,0,2,11,11,11,1,0,1,1,0,1,1,31,7,0,3,0,,0,0,5,177516,0
321  30  3,KH8,321,30,1464,2003,1240,18,1,1,0,2,11,14,11,1,1,1,1,1,1,1,31,4,0,3,0,,0,0,5,184989,0
322   3  4,KH8,322,3,1462,1993,1120,28,3,1,0,3,4,11,11,1,0,1,1,0,1,0,31,5,0,5,0,,1,1,4,82323,0
322   4  1,KH8,322,4,1462,1973,878,48,7,1,0,3,2,11,11,1,0,1,1,0,1,0,31,2,0,5,0,,1,0,5,180078,1
322   5  1,KH8,322,5,1462,1976,918,45,7,1,0,0,,11,11,1,0,0,0,0,0,0,36,2,0,0,0,,0,1,5,124146,0
322   6  2,KH8,322,6,1462,1976,917,45,7,1,0,0,,14,11,1,0,1,1,0,1,0,31,2,0,0,0,,0,0,5,142508,0
322   7  2,KH8,322,7,1462,1995,1147,26,3,1,0,2,9,11,11,1,0,0,0,0,1,0,31,2,0,3,0,,0,0,4,96986,0
322   8  2,KH8,322,8,1462,1983,997,38,5,1,0,2,9,11,11,1,0,1,1,0,1,0,36,5,2,3,0,,0,1,5,162348,0
322  12  2,KH8,322,12,1462,1976,922,45,7,1,0,2,9,11,11,1,0,1,0,0,1,0,31,4,0,3,0,,0,1,5,123528,0
322  13  1,KH8,322,13,1462,1980,966,41,6,1,0,1,5,11,11,1,0,1,1,0,1,0,36,3,0,1,0,,0,1,5,190253,0
322  14  3,KH8,322,14,1462,2001,1216,20,2,1,0,2,12,14,11,1,1,1,1,0,1,0,31,5,0,4,0,,0,0,5,150968,0
322  15  2,KH8,322,15,1462,1992,1107,29,3,1,0,2,7,11,11,1,0,0,0,0,0,0,31,4,0,3,0,,0,1,4,95127,0
322  16  2,KH8,322,16,1462,1998,1182,23,2,1,0,3,4,71,11,1,0,0,0,0,1,0,31,2,0,5,0,,1,1,4,103801,1
322  17  1,KH8,322,17,1462,1985,1032,35,5,1,0,2,11,11,11,1,0,0,1,0,1,0,31,5,1,3,0,,0,1,5,126664,1
322  17  3,KH8,322,17,1462,2001,1216,20,2,1,0,3,1,11,11,1,0,0,1,0,1,0,31,5,1,5,0,,1,1,5,126664,0
322  17  4,KH8,322,17,1462,2003,1238,18,1,1,0,2,12,11,11,1,0,0,1,0,1,0,31,5,1,4,0,,1,1,5,126664,0
322  18  5,KH8,322,18,1462,1986,1036,35,5,1,0,1,3,11,11,1,0,0,1,0,1,0,31,7,1,1,0,,1,1,5,132038,1
322  20  2,KH8,322,20,1462,1982,988,39,5,1,0,0,,11,11,1,0,1,1,0,0,1,31,3,0,0,0,,1,1,5,171761,0
322  21  2,KH8,322,21,1462,1983,1006,38,5,1,0,2,9,11,11,1,0,1,1,0,1,0,31,8,0,3,0,,0,0,5,156523,0
322  21  6,KH8,322,21,1462,1993,1121,28,3,1,0,1,5,11,11,1,0,1,1,0,1,0,31,8,0,1,0,,0,0,5,156523,0
322  22  4,KH8,322,22,1462,1992,1106,29,3,1,0,3,4,14,11,1,1,1,1,0,1,0,31,7,1,5,0,,1,0,4,99089,0
322  26  2,KH8,322,26,1462,1979,949,42,6,1,0,0,,11,11,1,1,1,1,0,1,0,31,4,1,0,0,,0,1,5,122985,0
322  27  2,KH8,322,27,1462,2002,1226,19,1,1,0,1,5,11,11,1,0,0,1,0,1,0,33,3,1,1,0,,0,1,5,139671,1
322  30  3,KH8,322,30,1462,1986,1034,35,5,1,0,2,7,14,11,1,0,1,1,1,1,0,31,7,0,3,0,,0,0,4,88783,1
322  30  5,KH8,322,30,1462,2000,1201,21,2,1,0,2,12,14,11,1,0,1,1,1,1,0,31,7,0,4,0,,0,0,4,88783,0
323   1  4,KH8,323,1,1462,1997,1166,24,2,1,0,3,4,11,11,1,0,1,0,1,1,0,36,5,0,5,0,,1,1,4,111282,0
323   1  5,KH8,323,1,1462,1979,960,41,6,1,0,1,3,11,11,1,0,1,0,1,1,0,36,5,0,1,0,,0,1,4,111282,0
323   2  3,KH8,323,2,1462,1990,1086,31,4,1,0,3,4,11,11,1,0,1,1,1,1,1,36,4,0,5,0,,1,1,5,219122,0
323   3  2,KH8,323,3,1462,1994,1137,27,3,1,0,3,4,11,11,1,0,1,1,1,1,0,36,4,0,5,0,,1,1,5,193382,0
323   4  2,KH8,323,4,1462,1981,981,40,6,1,0,2,7,14,11,1,1,1,1,1,1,0,35,5,1,3,0,,1,0,5,167608,1
323   5  2,KH8,323,5,1462,2001,1224,19,1,1,0,3,2,11,11,1,1,1,1,1,1,1,36,2,0,5,0,,1,1,5,220632,1
323   7  2,KH8,323,7,1462,2000,1205,21,2,1,0,2,12,11,11,1,1,1,1,0,0,0,33,3,0,4,0,,0,1,5,146275,0
323   9  2,KH8,323,9,1462,1971,863,49,7,1,0,1,4,11,11,1,0,1,1,1,1,0,31,5,0,1,0,,0,1,5,178134,0
323   9  3,KH8,323,9,1462,1997,1173,24,2,1,0,3,4,11,11,1,0,1,1,1,1,0,31,5,0,5,0,,1,1,5,178134,1
323  10  1,KH8,323,10,1462,1983,1004,38,5,1,0,2,12,11,11,1,0,1,0,1,1,0,31,7,1,4,0,,0,1,3,-1308,0
323  10  3,KH8,323,10,1462,1988,1058,33,4,1,0,2,12,11,11,1,0,1,0,1,1,0,31,7,1,4,0,,0,1,3,-1308,1
323  11  2,KH8,323,11,1462,1980,964,41,6,1,0,2,12,11,11,1,0,1,1,1,1,1,36,5,0,4,0,,1,1,5,207701,1
323  11  3,KH8,323,11,1462,2006,1276,15,1,1,0,2,8,11,11,1,0,1,1,1,1,1,36,5,0,3,0,,0,1,5,207701,0
323  12  2,KH8,323,12,1462,1993,1117,28,3,1,0,3,4,14,11,1,0,1,1,1,1,1,35,4,2,5,0,,1,0,5,158829,0
323  13  2,KH8,323,13,1462,1985,1028,36,5,1,0,2,9,11,11,1,0,1,1,1,1,1,31,6,0,3,0,,1,1,5,190259,0
323  13  4,KH8,323,13,1462,1989,1078,32,4,1,0,2,9,11,11,1,0,1,1,1,1,1,31,6,0,3,0,,1,0,5,190259,0
323  13  5,KH8,323,13,1462,1993,1122,28,3,1,0,2,12,11,11,1,0,1,1,1,1,1,31,6,0,4,0,,1,0,5,190259,0
323  14  4,KH8,323,14,1462,2004,1259,16,1,1,0,2,10,11,11,1,0,1,1,0,1,1,31,4,0,3,0,,1,1,5,195082,0
323  15  1,KH8,323,15,1462,1982,994,39,5,1,0,2,11,11,11,1,0,1,1,1,1,1,36,5,1,3,0,,1,1,5,219263,1
323  15  2,KH8,323,15,1462,1989,1073,32,4,1,0,2,11,11,11,1,0,1,1,1,1,1,36,5,1,3,0,,1,1,5,219263,1
323  17  2,KH8,323,17,1462,1981,975,40,6,1,0,2,12,11,11,1,0,1,1,0,1,1,36,4,0,4,0,,1,0,5,222138,0
323  17  3,KH8,323,17,1462,2002,1225,19,1,1,0,3,2,11,11,1,0,1,1,0,1,1,36,4,0,5,0,,1,1,5,222138,0
323  18  1,KH8,323,18,1462,1986,1037,35,5,1,0,2,7,11,11,1,0,0,1,0,1,0,36,5,1,3,0,,1,1,5,191178,1
323  18  3,KH8,323,18,1462,1995,1143,26,3,1,0,2,9,11,11,1,0,0,1,0,1,0,36,5,1,3,0,,1,1,5,191178,0
323  18  4,KH8,323,18,1462,1999,1192,22,2,1,0,3,2,11,11,1,0,0,1,0,1,0,36,5,1,5,0,,1,1,5,191178,0
323  19  3,KH8,323,19,1462,1990,1090,31,4,1,0,3,4,11,11,1,0,1,1,1,1,1,36,9,2,5,0,,1,1,5,213505,0
323  19  5,KH8,323,19,1462,1997,1176,23,2,1,0,3,4,11,11,1,0,1,1,1,1,1,36,9,2,5,0,,1,1,5,213505,0
323  21  2,KH8,323,21,1462,1982,988,39,5,1,0,1,1,11,11,1,0,1,1,0,1,0,31,3,0,1,0,,0,1,5,153628,0
323  22  2,KH8,323,22,1462,1981,981,40,6,1,0,1,4,11,11,1,0,0,1,0,1,0,36,11,0,1,0,,0,1,5,150919,0
323  23  2,KH8,323,23,1462,1986,1042,35,5,1,0,1,5,11,11,1,0,0,1,0,1,1,36,3,0,1,0,,1,1,5,181563,1
323  25  2,KH8,323,25,1462,2002,1228,19,1,1,0,2,11,11,11,1,0,0,1,0,1,0,31,2,0,3,0,,0,1,5,139094,0
323  27  4,KH8,323,27,1462,1997,1170,24,2,1,0,2,11,11,11,1,0,1,0,0,1,0,31,5,1,3,0,,0,1,5,129617,1
323  28  4,KH8,323,28,1462,1988,1066,33,4,1,0,3,4,14,11,1,1,1,1,1,1,1,35,5,1,5,0,,1,0,5,174304,0
323  29  4,KH8,323,29,1462,1990,1083,31,4,1,0,3,4,11,11,1,1,1,0,0,1,1,31,5,0,5,0,,1,0,5,170219,0
323  30  4,KH8,323,30,1462,1994,1140,26,3,1,0,3,4,11,11,1,1,1,1,1,1,1,34,8,0,5,0,,1,1,5,218556,1
323  30  8,KH8,323,30,1462,2004,1257,17,1,1,0,2,10,11,11,1,1,1,1,1,1,1,34,8,0,3,0,,0,1,5,218556,0
324   1  2,KH8,324,1,1462,1985,1026,36,5,1,0,1,5,11,11,1,0,1,0,1,1,0,31,2,0,1,0,,0,1,5,123471,0
324   2  2,KH8,324,2,1462,1984,1013,37,5,1,0,2,8,11,11,1,0,0,0,0,1,0,31,6,1,3,0,,0,0,4,83100,0
324   4  1,KH8,324,4,1462,1982,991,39,5,1,0,0,,14,11,1,0,1,1,0,1,0,31,2,0,0,0,,0,0,5,146748,0
324   5  2,KH8,324,5,1462,1986,1036,35,5,1,0,1,3,11,11,1,0,1,0,0,1,0,31,3,1,1,0,,0,0,4,49137,0
324   6  1,KH8,324,6,1462,1972,873,49,7,1,0,1,4,11,11,1,0,1,0,1,0,0,31,2,0,1,0,,0,1,4,96220,1
324   7  2,KH8,324,7,1462,1984,1017,37,5,1,0,2,7,11,11,1,0,0,0,0,0,0,31,2,0,3,0,,0,0,5,115857,0
324   8  2,KH8,324,8,1462,1980,965,41,6,1,0,1,6,11,11,1,1,1,1,1,1,0,31,6,1,2,0,,0,1,5,176173,0
324   9  2,KH8,324,9,1462,1979,952,42,6,1,0,0,,11,11,1,0,0,0,1,0,0,36,4,1,0,0,,0,0,4,106469,0
324   9  3,KH8,324,9,1462,2006,1276,15,1,1,0,1,5,11,11,1,0,0,0,1,0,0,36,4,1,1,0,,0,0,4,106469,0
324  10  1,KH8,324,10,1462,1982,993,39,5,1,0,1,4,71,11,1,0,0,0,0,1,0,31,4,0,1,0,,0,0,4,85443,0
324  10  2,KH8,324,10,1462,2005,1269,16,1,1,0,1,3,71,11,1,0,0,0,0,1,0,31,4,0,1,0,,0,1,4,85443,0
324  11  1,KH8,324,11,1462,1983,997,38,5,1,0,1,5,11,11,1,0,0,0,0,0,0,31,1,0,1,0,,0,1,4,88714,0
324  12  2,KH8,324,12,1462,1986,1042,35,5,1,0,1,6,14,11,1,0,0,0,0,0,0,31,2,0,2,0,,1,0,4,106021,0
324  13  1,KH8,324,13,1462,1983,999,38,5,1,0,0,,11,11,1,0,0,0,0,0,0,33,2,0,0,0,,0,0,4,98174,0
324  13  2,KH8,324,13,1462,2006,1276,15,1,1,0,2,7,11,11,1,0,0,0,0,0,0,33,2,0,3,0,,0,1,4,98174,0
324  14  2,KH8,324,14,1462,1979,960,41,6,1,0,1,3,71,11,1,0,0,0,0,1,0,31,5,1,1,0,,0,0,4,82564,0
324  15  2,KH8,324,15,1462,2000,1208,21,2,1,0,2,8,11,11,1,0,1,1,0,1,0,31,3,1,3,0,,0,1,5,172110,1
324  16  2,KH8,324,16,1462,1979,954,42,6,1,0,1,5,11,11,1,0,1,1,1,1,1,31,4,0,1,0,,0,1,5,184077,1
324  16  3,KH8,324,16,1462,1998,1181,23,2,1,0,3,4,11,11,1,0,1,1,1,1,1,31,4,0,5,0,,1,1,5,184077,1
324  17  2,KH8,324,17,1462,1990,1084,31,4,1,0,2,8,11,11,1,0,1,1,0,1,0,35,6,1,3,0,,0,0,5,150586,0
324  18  3,KH8,324,18,1462,1998,1182,23,2,1,0,2,9,14,11,1,0,1,1,0,1,0,31,6,1,3,0,,1,1,5,153752,0
324  19  1,KH8,324,19,1462,1990,1083,31,4,1,0,1,5,11,11,1,0,0,0,0,1,0,36,2,0,1,0,,1,0,5,140977,0
324  20  2,KH8,324,20,1462,1984,1015,37,5,1,0,1,6,11,11,1,0,1,1,1,1,1,31,5,1,2,0,,0,1,5,161499,1
324  22  2,KH8,324,22,1462,2002,1232,19,1,1,0,2,7,11,11,1,0,0,0,0,0,0,31,2,0,3,0,,0,1,4,85835,1
324  23  3,KH8,324,23,1462,1988,1061,33,4,1,0,3,4,11,11,1,0,1,0,1,1,1,31,6,1,5,0,,0,1,5,131477,1
324  24  2,KH8,324,24,1462,1974,897,47,7,1,0,1,3,11,11,1,0,0,1,1,1,1,31,6,1,1,0,,0,1,5,187881,1
324  24  3,KH8,324,24,1462,1996,1157,25,3,1,0,2,12,11,11,1,0,0,1,1,1,1,31,6,1,4,0,,1,1,5,187881,1
324  25  2,KH8,324,25,1462,2001,1216,20,2,1,0,2,9,11,11,1,0,1,1,1,1,0,31,6,1,3,0,,0,1,5,146874,0
324  25  3,KH8,324,25,1462,1992,1110,29,3,1,0,2,9,11,11,1,0,1,1,1,1,0,31,6,1,3,0,,0,0,5,146874,0
324  27  2,KH8,324,27,1462,1983,1000,38,5,1,0,1,5,11,11,1,0,1,1,0,1,0,31,5,1,1,0,,0,1,5,133814,0
324  28  2,KH8,324,28,1462,1985,1025,36,5,1,0,1,5,11,11,1,0,1,1,1,1,0,31,5,0,1,0,,0,0,5,128159,0
324  30  2,KH8,324,30,1462,1990,1083,31,4,1,0,2,12,11,11,1,0,0,1,0,1,1,31,3,1,4,0,,1,1,5,160528,0
325   1  2,KH8,325,1,1461,1990,1082,31,4,1,0,3,1,11,11,1,0,0,0,0,1,0,31,3,1,5,0,,0,1,5,114168,1
325   2  2,KH8,325,2,1461,1995,1142,26,3,1,0,2,8,11,11,1,0,1,0,1,1,0,31,4,1,3,0,,1,1,5,119539,0
325   3  2,KH8,325,3,1461,1994,1138,26,3,1,0,2,7,11,11,1,0,0,0,0,1,0,31,2,0,3,0,,1,1,5,117047,0
325   4  2,KH8,325,4,1461,1993,1118,28,3,1,0,1,3,14,11,1,0,1,0,0,1,0,31,2,0,1,0,,1,1,5,128417,0
325   6  2,KH8,325,6,1461,1991,1096,30,4,1,0,2,7,71,11,1,0,1,0,0,1,0,31,3,0,3,0,,0,1,4,96705,1
325   6  3,KH8,325,6,1461,1994,1129,27,3,1,0,2,9,71,11,1,0,1,0,0,1,0,31,3,0,3,0,,0,1,4,96705,0
325   7  1,KH8,325,7,1461,1976,913,45,7,1,0,2,12,11,11,1,0,1,0,0,1,0,31,6,1,4,0,,0,0,5,115233,0
325   7  4,KH8,325,7,1461,2003,1240,18,1,1,0,3,0,11,11,1,0,1,0,0,1,0,31,6,1,5,0,,0,1,5,115233,0
325   8  1,KH8,325,8,1461,1993,1122,28,3,1,0,1,4,11,11,1,0,0,0,0,1,0,31,2,0,1,0,,1,1,4,97474,0
325  10  1,KH8,325,10,1461,1994,1130,27,3,1,0,2,7,71,11,1,0,0,0,0,0,0,31,2,0,3,0,,0,1,4,77679,0
325  11  2,KH8,325,11,1461,1993,1118,28,3,1,0,2,7,11,11,1,0,0,0,0,1,0,31,2,0,3,0,,1,1,5,117047,0
325  12  2,KH8,325,12,1461,1992,1110,29,3,1,0,0,,14,11,1,0,1,0,0,1,0,31,3,1,0,0,,1,2,5,125538,0
325  13  1,KH8,325,13,1461,1985,1023,36,5,1,0,2,9,71,11,1,0,1,0,1,1,0,31,5,2,3,0,,1,1,4,109048,0
325  14  1,KH8,325,14,1461,1989,1077,32,4,1,0,2,8,71,11,1,0,0,0,0,1,0,31,2,0,3,0,,0,1,4,91200,1
325  15  1,KH8,325,15,1461,1983,1006,37,5,1,0,0,,71,11,1,0,0,0,1,1,0,31,3,0,0,0,,0,0,4,91450,0
325  16  2,KH8,325,16,1461,1982,994,38,5,1,0,0,,71,11,1,0,0,0,0,1,0,31,2,0,0,0,,1,1,4,111261,0
325  18  2,KH8,325,18,1461,1986,1033,35,5,1,0,1,6,71,11,1,0,0,0,0,1,0,31,2,0,2,0,,0,1,4,85967,0
325  19  2,KH8,325,19,1461,1983,997,38,5,1,0,1,6,11,11,1,0,0,0,0,1,0,31,4,1,2,0,,0,1,4,97260,1
325  19  3,KH8,325,19,1461,1986,1040,35,5,1,0,2,7,97,97,7,7,7,7,7,7,7,97,4,1,3,7,,0,1,4,97260,1
325  20  1,KH8,325,20,1461,1992,1110,29,3,1,0,2,8,14,11,1,0,1,0,1,1,0,31,2,0,3,0,,1,1,5,131546,0
325  21  1,KH8,325,21,1461,2000,1202,21,2,1,0,2,7,71,11,1,0,0,0,0,1,0,31,4,1,3,0,,1,1,5,133946,1
325  22  2,KH8,325,22,1461,1996,1155,25,3,1,0,2,7,71,11,1,0,0,0,0,1,0,31,2,0,3,0,,0,1,4,91200,1
325  23  1,KH8,325,23,1461,1976,919,45,7,1,0,1,6,11,11,1,0,1,0,0,1,0,31,2,0,2,0,,0,1,5,126346,0
325  23  2,KH8,325,23,1461,1999,1194,22,2,1,0,1,4,11,11,1,0,1,0,0,1,0,31,2,0,1,0,,1,1,5,126346,0
325  24  2,KH8,325,24,1461,1990,1086,31,4,1,0,1,6,71,11,1,0,0,0,0,1,0,31,2,0,2,0,,0,1,5,141032,0
325  25  2,KH8,325,25,1461,1986,1044,34,4,1,0,2,7,11,11,1,0,0,0,1,1,0,31,3,1,3,0,,0,0,4,99462,0
325  26  1,KH8,325,26,1461,1995,1143,26,3,1,0,1,4,71,11,1,0,0,0,0,1,0,31,2,0,1,0,,0,1,4,88829,0
325  27  2,KH8,325,27,1461,1996,1154,25,3,1,0,1,5,11,11,1,0,0,0,0,0,0,31,2,0,1,0,,1,1,4,105896,0
325  28  2,KH8,325,28,1461,1995,1150,25,3,1,0,1,5,14,11,1,0,0,0,0,1,0,31,3,0,1,0,,1,2,5,114292,0
325  29  2,KH8,325,29,1461,1991,1095,30,4,1,0,1,6,11,11,1,0,0,0,0,1,0,31,2,0,2,0,,1,1,5,117047,0
326   2  2,KH8,326,2,1462,1975,905,46,7,1,0,2,12,11,11,1,0,0,1,0,1,0,31,2,0,4,0,,0,1,5,143254,1
326   4  2,KH8,326,4,1462,1989,1073,32,4,1,0,3,4,11,11,1,0,1,1,0,1,1,31,5,2,5,0,,1,1,5,195998,0
326   5  2,KH8,326,5,1462,1986,1041,35,5,1,0,0,,11,11,1,0,1,0,0,1,0,31,4,2,0,0,,0,0,5,113321,0
326   7  2,KH8,326,7,1462,1987,1047,34,4,1,0,2,10,11,11,1,0,1,1,0,1,0,31,6,0,3,0,,1,0,5,162511,0
326   8  2,KH8,326,8,1462,1989,1070,32,4,1,0,3,4,11,11,1,0,0,1,0,1,0,31,5,2,5,0,,1,1,5,150496,1
326   9  2,KH8,326,9,1462,1980,961,41,6,1,0,2,9,11,11,1,0,1,1,0,1,0,31,5,0,3,0,,1,1,5,175005,0
326   9  3,KH8,326,9,1462,2001,1214,20,2,1,0,3,2,11,11,1,0,1,1,0,1,0,31,5,0,5,0,,1,1,5,175005,0
326  10  2,KH8,326,10,1462,1989,1075,32,4,1,0,2,9,11,11,1,0,1,1,0,1,0,31,4,2,3,0,,0,1,5,121268,1
326  11  2,KH8,326,11,1462,1975,910,46,7,1,0,0,,11,11,1,1,1,1,0,1,0,33,7,0,0,0,,0,0,5,173066,1
326  11  3,KH8,326,11,1462,1999,1190,22,2,1,0,2,10,11,11,1,1,1,1,0,1,0,33,7,0,3,0,,1,1,5,173066,1
326  11  4,KH8,326,11,1462,2000,1211,20,2,1,0,2,7,11,11,1,1,1,1,0,1,0,33,7,0,3,0,,0,1,5,173066,0
326  11  5,KH8,326,11,1462,2003,1240,18,1,1,0,2,10,11,11,1,1,1,1,0,1,0,33,7,0,3,0,,0,1,5,173066,0
326  12  2,KH8,326,12,1462,1972,866,49,7,1,0,2,7,11,11,1,0,0,1,0,1,0,31,4,0,3,0,,0,1,5,166621,0
326  13  2,KH8,326,13,1462,1982,988,39,5,1,0,2,8,14,11,1,1,1,1,1,1,1,31,8,0,3,0,,1,1,5,177269,0
326  13  7,KH8,326,13,1462,2001,1217,20,2,1,0,2,7,14,11,1,1,1,1,1,1,1,31,8,0,3,0,,0,1,5,177269,0
326  14  1,KH8,326,14,1462,1983,1006,38,5,1,0,1,2,14,11,1,0,0,0,0,0,0,31,1,0,1,0,,0,0,4,108899,0
326  15  2,KH8,326,15,1462,1979,950,42,6,1,0,1,3,11,11,1,1,1,1,0,1,0,31,4,1,1,0,,0,1,5,152091,0
326  15  3,KH8,326,15,1462,1983,1007,37,5,1,0,0,,11,11,1,1,1,1,0,1,0,31,4,1,0,0,,1,1,5,152091,1
326  17  2,KH8,326,17,1462,2001,1214,20,2,1,0,2,12,11,11,1,0,0,0,0,1,0,31,2,0,4,0,,1,1,5,132096,0
326  18  2,KH8,326,18,1462,1982,988,39,5,1,0,1,5,11,11,1,0,1,1,0,1,1,31,4,0,1,0,,0,1,5,152613,0
326  19  3,KH8,326,19,1462,1981,982,40,6,1,0,2,8,11,11,1,0,1,1,1,1,1,33,6,1,3,0,,0,1,5,185947,0
326  20  2,KH8,326,20,1462,1976,913,45,7,1,0,3,6,11,11,1,0,1,1,0,1,1,31,4,1,5,0,,1,1,5,173342,0
326  21  2,KH8,326,21,1462,1982,990,39,5,1,0,3,4,11,11,1,0,1,1,1,1,1,31,3,0,5,0,,1,1,5,199795,1
326  22  2,KH8,326,22,1462,1973,882,48,7,1,0,2,12,14,11,1,1,1,1,1,1,1,35,4,0,4,0,,1,0,5,206534,0
326  22  4,KH8,326,22,1462,1999,1190,22,2,1,0,3,3,14,11,1,1,1,1,1,1,1,35,4,0,5,0,,1,0,5,206534,0
326  23  2,KH8,326,23,1462,1988,1057,33,4,1,0,2,9,11,11,1,0,0,1,0,1,0,31,2,0,3,0,,0,1,5,142398,1
326  24  2,KH8,326,24,1462,1990,1090,31,4,1,0,3,4,11,11,1,0,0,1,1,1,1,31,2,0,5,0,,1,1,5,126575,1
326  25  3,KH8,326,25,1462,1988,1059,33,4,1,0,3,4,11,11,1,0,1,1,1,1,0,31,7,1,5,0,,1,1,5,147712,0
326  25  4,KH8,326,25,1462,1992,1110,29,3,1,0,3,2,11,11,1,0,1,1,1,1,0,31,7,1,5,0,,1,1,5,147712,1
326  26  2,KH8,326,26,1462,1986,1034,35,5,1,0,3,4,11,11,1,0,1,1,1,1,1,33,5,2,5,0,,1,1,5,207687,1
326  27  2,KH8,326,27,1462,1982,990,39,5,1,0,1,5,11,11,1,0,1,1,1,1,0,31,6,0,1,0,,0,1,5,175255,0
326  27  3,KH8,326,27,1462,2000,1212,20,2,1,0,3,3,11,11,1,0,1,1,1,1,0,31,6,0,5,0,,1,1,5,175255,0
326  27  4,KH8,326,27,1462,2004,1258,17,1,1,0,2,11,11,11,1,0,1,1,1,1,0,31,6,0,3,0,,0,0,5,175255,0
326  28  2,KH8,326,28,1462,1990,1081,31,4,1,0,3,4,14,11,1,0,1,1,0,1,0,31,3,0,5,0,,1,0,5,176408,0
326  28  3,KH8,326,28,1462,1995,1149,26,3,1,0,3,4,14,11,1,0,1,1,0,1,0,31,3,0,5,0,,1,0,5,176408,0
326  29  2,KH8,326,29,1462,1984,1010,37,5,1,0,2,10,11,11,1,0,0,1,0,1,0,31,4,0,3,0,,1,1,5,159296,0
326  30  3,KH8,326,30,1462,1987,1052,34,4,1,0,2,12,11,11,1,0,1,0,0,1,0,31,5,1,4,0,,0,1,5,131249,0
328   1  2,KH8,328,1,1462,1980,961,41,6,1,0,1,2,11,11,1,0,0,1,1,0,1,31,7,2,1,0,,0,1,5,155369,0
328   1  3,KH8,328,1,1462,2006,1275,15,1,1,0,2,7,11,11,1,0,0,1,1,0,1,31,7,2,3,0,,0,1,5,155369,0
328   2  2,KH8,328,2,1462,1998,1182,23,2,1,0,2,9,71,11,1,0,0,0,0,1,0,22,4,1,3,0,,0,1,4,104512,0
328   3  2,KH8,328,3,1462,1998,1177,23,2,1,0,2,9,11,11,1,0,0,0,0,1,0,22,3,1,3,0,,0,0,5,127864,0
328   4  2,KH8,328,4,1462,1980,970,41,6,1,0,2,8,71,11,1,0,1,1,0,1,1,31,6,0,3,0,,0,1,5,175524,0
328   5  2,KH8,328,5,1462,1987,1051,34,4,1,0,2,7,11,11,1,0,0,1,1,1,1,31,5,1,3,0,,0,0,5,121606,0
328   6  1,KH8,328,6,1462,1993,1120,28,3,1,0,1,5,14,11,1,0,1,1,0,1,0,35,2,0,1,0,,0,0,5,173042,0
328   6  2,KH8,328,6,1462,1998,1180,23,2,1,0,1,6,14,11,1,0,1,1,0,1,0,35,2,0,2,0,,1,0,5,173042,0
328   7  3,KH8,328,7,1462,1999,1197,22,2,1,0,3,3,11,11,1,0,1,1,0,1,1,31,4,0,5,0,,1,1,5,197990,0
328   8  1,KH8,328,8,1462,1982,992,39,5,1,0,3,6,11,11,1,0,1,1,1,1,1,36,4,1,5,0,,1,1,5,222917,1
328   9  3,KH8,328,9,1462,2003,1243,18,1,1,0,2,11,11,11,1,1,0,1,0,1,0,33,6,0,3,0,,1,1,5,146770,0
328   9  6,KH8,328,9,1462,2006,1273,15,1,1,0,2,8,11,11,1,1,0,1,0,1,0,33,6,0,3,0,,0,1,5,146770,0
328  10  2,KH8,328,10,1462,2000,1210,21,2,1,0,1,6,71,11,1,1,0,0,0,1,0,36,7,3,2,0,,0,0,4,101410,1
328  11  2,KH8,328,11,1462,1980,963,41,6,1,0,0,,11,11,1,0,1,1,0,1,0,31,3,0,0,0,,0,0,5,123607,0
328  11  3,KH8,328,11,1462,1999,1190,22,2,1,0,2,12,11,11,1,0,1,1,0,1,0,31,3,0,4,0,,0,0,5,123607,0
328  12  3,KH8,328,12,1462,1994,1137,27,3,1,0,3,4,11,11,1,0,0,1,1,1,0,31,3,0,5,0,,1,1,5,156011,0
328  16  2,KH8,328,16,1462,1992,1108,29,3,1,0,1,6,11,11,1,0,0,0,1,1,0,31,4,0,2,0,,0,1,4,109854,0
328  17  2,KH8,328,17,1462,1980,970,41,6,1,0,2,9,11,11,1,0,1,1,1,1,1,31,7,0,3,0,,1,1,5,177021,0
328  17  3,KH8,328,17,1462,2000,1210,21,2,1,0,3,3,11,11,1,0,1,1,1,1,1,31,7,0,5,0,,1,1,5,177021,0
328  17  4,KH8,328,17,1462,2002,1236,18,1,1,0,2,12,11,11,1,0,1,1,1,1,1,31,7,0,4,0,,0,1,5,177021,0
328  18  1,KH8,328,18,1462,1977,933,44,6,1,0,2,9,71,11,1,0,1,1,1,1,1,31,4,0,3,0,,1,1,5,151901,0
328  18  3,KH8,328,18,1462,2001,1223,19,1,1,0,2,12,71,11,1,0,1,1,1,1,1,31,4,0,4,0,,1,1,5,151901,0
328  19  2,KH8,328,19,1462,1980,964,41,6,1,0,1,4,11,11,1,0,1,1,1,1,1,31,8,0,1,0,,0,1,5,157884,0
328  20  2,KH8,328,20,1462,1981,973,40,6,1,0,2,9,14,11,1,0,1,1,1,1,1,35,7,0,3,0,,1,0,5,153990,0
328  21  2,KH8,328,21,1462,1988,1059,33,4,1,0,2,8,11,11,1,0,1,0,0,1,0,31,3,0,3,0,,0,1,4,78649,0
328  22  2,KH8,328,22,1462,1986,1034,35,5,1,0,1,6,71,11,1,0,0,1,0,1,1,31,7,1,2,0,,1,1,5,122958,1
328  22  5,KH8,328,22,1462,2001,1224,19,1,1,0,2,12,71,11,1,0,0,1,0,1,1,31,7,1,4,0,,0,1,5,122958,1
328  24  2,KH8,328,24,1462,1981,977,40,6,1,0,0,,71,11,1,0,0,0,0,1,0,31,4,1,0,0,,0,1,4,57711,1
328  26  1,KH8,328,26,1462,1987,1052,34,4,1,0,0,,11,11,1,0,0,1,1,1,1,31,7,1,0,0,,0,1,5,120435,0
328  28  2,KH8,328,28,1462,1996,1155,25,3,1,0,2,9,14,11,1,0,1,1,1,1,1,31,4,2,3,0,,1,0,5,128459,0
328  29  2,KH8,328,29,1462,1972,866,49,7,1,0,1,4,11,11,1,0,0,1,0,1,0,31,5,0,1,0,,0,0,5,128264,0
328  29  3,KH8,328,29,1462,1995,1147,26,3,1,0,3,4,11,11,1,0,0,1,0,1,0,31,5,0,5,0,,1,1,5,128264,0
328  29  5,KH8,328,29,1462,2000,1206,21,2,1,0,2,12,11,11,1,0,0,1,0,1,0,31,5,0,4,0,,0,1,5,128264,0
328  30  1,KH8,328,30,1462,1975,906,46,7,1,0,2,9,71,11,1,0,1,1,0,1,0,35,7,1,3,0,,0,1,5,161882,0
328  30  3,KH8,328,30,1462,1993,1124,28,3,1,0,2,9,71,11,1,0,1,1,0,1,0,35,7,1,3,0,,0,1,5,161882,0
328  30  4,KH8,328,30,1462,1995,1144,26,3,1,0,2,9,71,11,1,0,1,1,0,1,0,35,7,1,3,0,,1,1,5,161882,1
328  30  5,KH8,328,30,1462,2003,1247,17,1,1,0,2,11,71,11,1,0,1,1,0,1,0,35,7,1,3,0,,0,1,5,161882,0
329   1  2,KH8,329,1,1461,1975,903,46,7,1,0,2,11,11,11,1,0,0,1,0,1,1,31,5,0,3,0,,1,1,5,123462,0
329   1  3,KH8,329,1,1461,1994,1132,27,3,1,0,3,4,11,11,1,0,0,1,0,1,1,31,5,0,5,0,,1,1,5,123462,0
329   1  4,KH8,329,1,1461,1998,1186,22,2,1,0,3,4,11,11,1,0,0,1,0,1,1,31,5,0,5,0,,1,1,5,123462,0
329   2  2,KH8,329,2,1461,1997,1172,24,2,1,0,3,4,71,11,1,0,0,0,0,1,0,31,2,0,5,0,,1,1,5,135925,0
329   3  2,KH8,329,3,1461,1988,1061,33,4,1,0,1,4,11,11,1,0,0,0,1,1,0,31,5,1,1,0,,0,0,5,136203,1
329   6  3,KH8,329,6,1461,2003,1245,18,1,1,0,2,9,14,11,1,0,1,1,0,1,0,31,4,0,3,0,,0,0,5,113387,1
329   7  2,KH8,329,7,1461,1977,926,44,6,1,0,1,4,11,11,1,0,1,1,1,1,0,31,4,1,1,0,,0,1,5,151931,0
329   8  2,KH8,329,8,1461,1983,1003,38,5,1,0,1,6,11,11,1,0,1,0,1,1,0,31,4,1,2,0,,0,1,4,88741,1
329  10  2,KH8,329,10,1461,1980,964,41,6,1,0,1,4,71,11,1,0,0,0,0,0,0,31,3,0,1,0,,0,0,2,-15829,0
329  11  2,KH8,329,11,1461,1976,920,45,7,1,0,1,4,11,11,1,0,1,0,1,1,0,31,3,0,1,0,,0,1,4,59469,0
329  12  2,KH8,329,12,1461,1979,949,42,6,1,0,2,8,71,11,1,0,1,1,0,1,0,31,5,0,3,0,,0,1,5,127528,0
329  12  3,KH8,329,12,1461,2000,1202,21,2,1,0,3,2,71,11,1,0,1,1,0,1,0,31,5,0,5,0,,1,1,5,127528,0
329  12  4,KH8,329,12,1461,2004,1252,17,1,1,0,2,11,71,11,1,0,1,1,0,1,0,31,5,0,3,0,,1,1,5,127528,0
329  13  2,KH8,329,13,1461,1979,952,42,6,1,0,1,3,11,11,1,0,1,0,0,1,0,31,4,0,1,0,,0,1,4,60799,1
329  13  3,KH8,329,13,1461,2002,1227,19,1,1,0,2,8,11,11,1,0,1,0,0,1,0,31,4,0,3,0,,0,1,4,60799,1
329  14  1,KH8,329,14,1461,1993,1121,28,3,1,0,2,7,14,11,1,0,1,0,0,1,0,31,1,0,3,0,,0,0,5,116324,0
329  15  1,KH8,329,15,1461,1985,1028,36,5,1,0,2,9,11,11,1,0,1,1,0,1,0,31,4,0,3,0,,0,0,5,116948,0
329  16  2,KH8,329,16,1461,1988,1057,33,4,1,0,3,4,11,11,1,0,0,0,1,1,0,31,3,0,5,0,,1,1,5,135733,0
329  20  2,KH8,329,20,1461,1989,1072,32,4,1,0,0,,71,11,1,0,0,0,0,1,0,31,3,0,0,0,,1,1,3,8464,0
329  21  2,KH8,329,21,1461,1995,1148,26,3,1,0,2,8,11,11,1,0,0,0,1,1,0,31,2,0,3,0,,1,1,3,32348,0
329  22  4,KH8,329,22,1461,1986,1041,35,5,1,0,2,9,14,11,1,0,0,1,1,1,0,31,7,0,3,0,,0,0,5,150724,0
329  22  7,KH8,329,22,1461,1998,1181,23,2,1,0,2,10,14,11,1,0,0,1,1,1,0,31,7,0,3,0,,1,0,5,150724,0
329  23  2,KH8,329,23,1461,1978,941,43,6,1,0,2,12,11,11,1,1,1,1,1,1,1,31,8,0,4,0,,0,0,5,195379,0
329  23  4,KH8,329,23,1461,1995,1151,25,3,1,0,2,8,11,11,1,1,1,1,1,1,1,31,8,0,3,0,,0,0,5,195379,0
329  23  5,KH8,329,23,1461,2001,1219,20,2,1,0,3,0,11,11,1,1,1,1,1,1,1,31,8,0,5,0,,1,0,5,195379,0
329  24  2,KH8,329,24,1461,1998,1186,22,2,1,0,2,9,71,11,1,0,0,0,0,1,0,32,2,0,3,0,,0,1,4,59755,0
329  25  2,KH8,329,25,1461,1980,963,41,6,1,0,2,8,11,11,1,0,0,0,1,1,0,31,4,0,3,0,,0,0,4,88912,1
329  27  1,KH8,329,27,1461,1982,994,38,5,1,0,2,9,11,11,1,0,0,0,0,1,0,31,2,0,3,0,,0,1,4,79695,0
329  28  1,KH8,329,28,1461,1986,1041,35,5,1,0,3,4,14,11,1,0,0,0,0,0,0,31,1,0,5,0,,0,0,4,93927,0
329  30  2,KH8,329,30,1461,1991,1097,30,4,1,0,1,2,71,11,1,0,0,0,0,0,0,36,4,1,1,0,,0,1,4,92321,1
330   1  2,KH8,330,1,1463,1985,1022,36,5,1,0,3,4,11,11,1,0,0,1,1,1,1,31,3,0,5,0,,1,1,5,173193,0
330   2  1,KH8,330,2,1463,1989,1076,32,4,1,0,2,9,11,11,1,0,0,0,0,1,0,31,3,0,3,0,,1,1,4,109079,1
330   3  2,KH8,330,3,1463,1988,1067,33,4,1,0,2,11,11,11,1,0,1,1,1,1,1,31,3,0,3,0,,1,1,5,190243,1
330   4  2,KH8,330,4,1463,1980,969,41,6,1,0,1,5,14,11,1,0,1,1,0,1,0,31,4,1,1,0,,0,0,5,140990,0
330   5  1,KH8,330,5,1463,1980,965,41,6,1,0,1,5,11,11,1,0,0,0,0,1,0,31,3,0,1,0,,0,0,4,106217,0
330   5  3,KH8,330,5,1463,2001,1214,20,2,1,0,3,2,11,11,1,0,0,0,0,1,0,31,3,0,5,0,,1,0,4,106217,0
330   6  2,KH8,330,6,1463,1982,987,39,5,1,0,2,12,71,11,1,0,0,1,1,1,0,31,4,1,4,0,,0,0,5,121874,0
330   7  1,KH8,330,7,1463,1995,1148,26,3,1,0,2,12,11,11,1,0,0,1,0,0,0,31,1,0,4,0,,1,1,5,154556,1
330   8  2,KH8,330,8,1463,1992,1113,29,3,1,0,2,7,71,11,1,1,1,1,0,1,0,31,5,1,3,0,,0,1,5,128377,0
330   9  1,KH8,330,9,1463,1981,982,40,6,1,0,1,6,11,11,1,0,0,1,0,1,0,31,4,0,2,0,,0,0,5,124531,0
330   9  3,KH8,330,9,1463,2005,1264,16,1,1,0,2,9,11,11,1,0,0,1,0,1,0,31,4,0,3,0,,0,0,5,124531,0
330  10  2,KH8,330,10,1463,1987,1049,34,4,1,0,2,12,11,11,1,0,0,1,0,1,0,31,4,0,4,0,,0,1,4,109482,0
330  12  3,KH8,330,12,1463,2004,1259,17,1,1,0,2,10,14,11,1,0,0,1,0,1,0,31,4,0,3,0,,0,0,5,144716,0
330  13  2,KH8,330,13,1463,1983,1006,38,5,1,0,1,6,11,11,1,0,0,0,0,1,0,31,5,0,2,0,,0,0,4,88349,0
330  15  2,KH8,330,15,1463,1985,1028,36,5,1,0,2,12,11,11,1,0,1,1,1,1,1,31,5,1,4,0,,1,1,5,190491,0
330  16  2,KH8,330,16,1463,1979,953,42,6,1,0,1,4,11,11,1,0,1,1,1,1,0,31,4,0,1,0,,0,1,5,138829,0
330  16  3,KH8,330,16,1463,2006,1276,15,1,1,0,2,8,11,11,1,0,1,1,1,1,0,31,4,0,3,0,,0,1,5,138829,0
330  17  2,KH8,330,17,1463,1994,1131,27,3,1,0,2,8,11,11,1,0,0,0,0,1,0,36,4,1,3,0,,1,1,5,149600,0
330  18  4,KH8,330,18,1463,1992,1108,29,3,1,0,2,12,14,11,1,0,1,1,1,1,0,31,13,1,4,0,,1,0,5,164849,0
330  18  5,KH8,330,18,1463,1982,991,39,5,1,0,2,9,14,11,1,0,1,1,1,1,0,31,13,1,3,0,,0,0,5,164849,0
330  19  2,KH8,330,19,1463,1999,1193,22,2,1,0,3,3,11,11,1,0,0,1,0,1,0,31,2,0,5,0,,1,1,5,147778,0
330  20  1,KH8,330,20,1463,1990,1088,31,4,1,0,1,5,11,11,1,0,1,0,0,1,0,31,4,0,1,0,,0,1,4,98157,0
330  21  2,KH8,330,21,1463,1984,1017,37,5,1,0,1,6,11,11,1,0,1,0,0,1,0,31,2,0,2,0,,0,1,4,105369,0
330  22  1,KH8,330,22,1463,1982,993,39,5,1,0,2,8,11,11,1,0,0,1,0,1,0,31,6,2,3,0,,0,0,4,103724,0
330  23  2,KH8,330,23,1463,1989,1077,32,4,1,0,2,7,11,11,1,0,0,1,1,1,0,31,3,0,3,0,,0,1,4,112628,0
330  24  2,KH8,330,24,1463,1990,1081,31,4,1,0,1,6,71,11,1,0,0,1,0,1,0,31,4,0,2,0,,0,1,4,103696,0
330  25  1,KH8,330,25,1463,1984,1020,36,5,1,0,2,10,11,11,1,0,0,0,0,1,0,31,1,0,3,0,,0,1,4,86642,1
330  26  2,KH8,330,26,1463,1988,1067,33,4,1,0,2,12,14,11,1,1,1,1,0,1,0,31,4,0,4,0,,0,0,5,143248,0
330  27  2,KH8,330,27,1463,1996,1155,25,3,1,0,2,7,11,11,1,0,0,0,1,1,0,31,4,1,3,0,,1,1,4,109329,0
330  28  2,KH8,330,28,1463,1984,1018,37,5,1,0,2,10,71,11,1,0,0,0,1,1,1,31,5,0,3,0,,1,1,5,129687,0
330  29  2,KH8,330,29,1463,1982,987,39,5,1,0,2,10,11,11,1,0,1,1,0,1,0,36,5,0,3,0,,0,1,5,170801,0
330  29  3,KH8,330,29,1463,2005,1263,16,1,1,0,2,10,11,11,1,0,1,1,0,1,0,36,5,0,3,0,,0,1,5,170801,0
330  30  2,KH8,330,30,1463,1981,981,40,6,1,0,1,6,71,11,1,0,1,1,1,1,0,33,4,0,2,0,,1,1,5,155890,0
331   1  5,KH8,331,1,1465,2000,1206,21,2,1,0,3,3,11,11,1,0,1,1,1,0,1,31,5,0,5,0,,0,1,5,182480,0
331   3  3,KH8,331,3,1465,1984,1011,37,5,1,0,3,6,11,11,1,0,1,1,1,1,1,31,7,1,5,0,,1,1,5,196001,0
331   3  4,KH8,331,3,1465,1989,1077,32,4,1,0,3,4,11,11,1,0,1,1,1,1,1,31,7,1,5,0,,1,1,5,196001,0
331   4  1,KH8,331,4,1465,1997,1165,25,3,1,0,2,12,14,11,1,0,1,1,1,1,1,35,2,0,4,0,,1,1,5,192452,0
331   8  1,KH8,331,8,1464,1976,919,45,7,1,0,1,4,11,11,1,0,1,1,0,1,0,35,3,0,1,0,,0,0,5,190846,0
331   8  2,KH8,331,8,1464,1979,957,42,6,1,0,2,9,11,11,1,0,1,1,0,1,0,35,3,0,3,0,,0,1,5,190846,0
331   8  3,KH8,331,8,1464,1992,1107,29,3,1,0,2,9,11,11,1,0,1,1,0,1,0,35,3,0,3,0,,1,1,5,190846,0
331  10  2,KH8,331,10,1465,1981,973,41,6,1,0,2,12,11,11,1,1,1,1,0,1,1,33,9,1,4,0,,0,1,5,209678,0
331  10  8,KH8,331,10,1465,1990,1081,32,4,1,0,3,4,11,11,1,1,1,1,0,1,1,33,9,1,5,0,,1,1,5,209678,0
331  10  9,KH8,331,10,1464,2001,1224,20,2,1,0,1,6,11,11,1,1,1,1,0,1,1,33,9,1,2,0,,0,1,5,209678,0
331  12  2,KH8,331,12,1465,1982,993,39,5,1,0,0,,71,11,1,0,1,1,0,1,1,31,5,0,0,0,,0,1,5,189297,0
331  12  5,KH8,331,12,1465,2004,1255,17,1,1,0,0,,97,97,7,7,7,7,7,7,7,97,5,0,0,7,,0,1,5,189297,0
331  13  2,KH8,331,13,1465,1987,1051,34,4,1,0,2,8,11,11,1,0,1,1,0,1,1,31,6,1,3,0,,1,1,5,195082,1
331  14  3,KH8,331,14,1464,1986,1035,35,5,1,0,1,3,11,11,1,0,1,1,1,1,1,33,5,0,1,0,,0,1,5,213429,1
331  14  4,KH8,331,14,1464,1999,1191,22,2,1,0,1,3,11,11,1,0,1,1,1,1,1,33,5,0,1,0,,0,1,5,213429,0
331  18  1,KH8,331,18,1464,2006,1275,15,1,1,0,1,5,71,11,1,0,0,0,0,0,0,33,1,0,1,0,,0,1,4,95268,0
331  19  3,KH8,331,19,1465,1990,1087,31,4,1,0,3,4,11,11,1,1,1,1,1,1,1,35,6,0,5,0,,1,1,5,204184,0
331  19  4,KH8,331,19,1465,1994,1133,27,3,1,0,3,4,11,11,1,1,1,1,1,1,1,35,6,0,5,0,,1,1,5,204184,0
331  21  2,KH8,331,21,1465,1983,1004,38,5,1,0,2,8,11,11,1,0,1,1,1,1,1,33,5,0,3,0,,0,1,5,209271,0
331  23  2,KH8,331,23,1465,1994,1135,27,3,1,0,2,12,11,11,1,0,1,1,0,1,1,33,2,0,4,0,,1,1,5,210300,0
331  24  2,KH8,331,24,1465,2000,1202,21,2,1,0,3,4,14,11,1,0,0,1,1,1,1,35,2,0,5,0,,1,1,5,182178,0
331  26  2,KH8,331,26,1465,1991,1104,30,4,1,0,3,4,11,11,1,0,1,1,1,1,1,31,3,1,5,0,,1,1,5,204884,1
331  28  5,KH8,331,28,1465,2004,1258,17,1,1,0,1,6,11,11,1,0,1,1,0,0,1,36,5,1,2,0,,0,1,5,210072,0
331  29  2,KH8,331,29,1465,1984,1016,37,5,1,0,2,9,11,11,1,0,1,1,1,1,1,35,7,0,3,0,,1,1,5,199311,1
331  29  6,KH8,331,29,1465,2004,1256,17,1,1,0,2,8,11,11,1,0,1,1,1,1,1,35,7,0,3,0,,0,0,5,199311,0
331  29  7,KH8,331,29,1465,2003,1240,18,1,1,0,2,8,11,11,1,0,1,1,1,1,1,35,7,0,3,0,,0,0,5,199311,0
331  30  2,KH8,331,30,1465,1976,919,45,7,1,0,2,8,71,11,1,0,1,1,0,1,1,33,6,0,3,0,,1,1,5,205430,0
332   1  3,KH8,332,1,1464,1987,1054,34,4,1,0,2,12,11,12,1,0,0,1,0,1,0,31,5,0,4,0,,1,1,4,92098,0
332   2  2,KH8,332,2,1464,1976,917,45,7,1,0,2,7,71,11,1,0,1,1,0,1,0,31,7,0,3,0,,0,1,5,147870,0
332   2  4,KH8,332,2,1464,1999,1191,22,2,1,0,3,4,71,11,1,0,1,1,0,1,0,31,7,0,5,0,,1,1,5,147870,0
332   2  5,KH8,332,2,1464,2001,1223,20,2,1,0,2,11,71,11,1,0,1,1,0,1,0,31,7,0,3,0,,0,1,5,147870,0
332   3  2,KH8,332,3,1464,1991,1093,30,4,1,0,1,5,11,11,1,0,0,0,0,1,0,31,5,1,1,0,,1,1,4,103321,1
332   4  2,KH8,332,4,1464,1980,963,41,6,1,0,2,8,14,11,1,0,1,1,0,1,0,31,7,1,3,0,,0,0,4,112095,0
332   6  2,KH8,332,6,1464,1985,1026,36,5,1,0,1,5,11,12,1,0,1,1,1,1,0,33,4,1,1,0,,0,1,5,185164,0
332   7  2,KH8,332,7,1464,1979,950,42,6,1,0,1,6,11,12,1,0,1,1,0,1,1,31,3,0,2,0,,1,0,4,101215,0
332  10  3,KH8,332,10,1464,1984,1014,37,5,1,0,1,4,71,11,1,0,1,1,1,1,0,36,9,1,1,0,,0,1,5,164780,0
332  10  5,KH8,332,10,1464,1985,1022,36,5,1,0,1,4,71,11,1,0,1,1,1,1,0,36,9,1,1,0,,1,1,5,164780,0
332  10  6,KH8,332,10,1464,2006,1284,15,1,1,0,2,10,71,11,1,0,1,1,1,1,0,36,9,1,3,0,,0,1,5,164780,0
332  11  2,KH8,332,11,1464,1982,994,39,5,1,0,2,9,11,11,1,0,1,1,1,1,1,31,4,0,3,0,,1,1,5,188273,0
332  12  2,KH8,332,12,1464,1984,1014,37,5,1,0,2,8,71,12,1,0,0,0,0,1,0,31,3,0,3,0,,0,0,4,77940,0
332  14  2,KH8,332,14,1464,1978,941,43,6,1,0,1,5,11,12,1,0,0,1,0,1,0,31,5,0,1,0,,0,0,4,102880,0
332  15  3,KH8,332,15,1464,1993,1117,28,3,1,0,1,3,11,11,1,1,1,1,0,1,0,31,8,1,1,0,,0,1,5,149228,0
332  15  8,KH8,332,15,1464,1984,1018,37,5,1,0,1,3,11,11,1,1,1,1,0,1,0,31,8,1,1,0,,1,1,5,149228,0
332  17  2,KH8,332,17,1464,1976,914,45,7,1,0,1,2,11,11,1,0,1,1,1,1,0,35,5,1,1,0,,0,0,5,175408,1
332  17  3,KH8,332,17,1464,1999,1193,22,2,1,0,3,2,11,11,1,0,1,1,1,1,0,35,5,1,5,0,,0,1,5,175408,1
332  18  1,KH8,332,18,1464,2003,1237,18,1,1,0,2,8,71,11,1,0,0,0,0,1,0,31,2,0,3,0,,0,1,4,103879,1
332  19  1,KH8,332,19,1464,1977,935,44,6,1,0,1,5,11,11,1,1,1,1,0,1,0,31,5,1,1,0,,0,0,5,149212,1
332  20  1,KH8,332,20,1464,1975,910,46,7,1,0,2,12,14,11,1,0,1,1,1,1,0,31,3,0,4,0,,1,0,5,168643,0
332  20  2,KH8,332,20,1464,1998,1179,23,2,1,0,3,6,14,11,1,0,1,1,1,1,0,31,3,0,5,0,,1,2,5,168643,0
332  21  2,KH8,332,21,1464,1985,1021,36,5,1,0,2,8,11,11,1,0,1,0,0,1,0,31,5,0,3,0,,1,1,5,114568,0
332  22  2,KH8,332,22,1464,1976,922,45,7,1,0,1,6,11,11,1,1,1,1,0,1,1,34,7,1,2,0,,0,1,5,213464,0
332  22  3,KH8,332,22,1464,1998,1178,23,2,1,0,3,4,11,11,1,1,1,1,0,1,1,34,7,1,5,0,,1,1,5,213464,1
332  22  4,KH8,332,22,1464,2005,1271,16,1,1,0,2,10,11,11,1,1,1,1,0,1,1,34,7,1,3,0,,0,1,5,213464,0
332  24  1,KH8,332,24,1464,1973,880,48,7,1,0,1,4,14,11,1,0,1,1,1,1,0,31,5,1,1,0,,0,0,5,157128,0
332  24  2,KH8,332,24,1464,2000,1203,21,2,1,0,2,8,14,11,1,0,1,1,1,1,0,31,5,1,3,0,,1,1,5,157128,0
332  25  2,KH8,332,25,1464,1985,1032,36,5,1,0,0,,11,12,1,1,1,0,0,1,0,36,7,1,0,0,,0,0,4,106605,1
332  25  3,KH8,332,25,1464,2000,1202,21,2,1,0,1,3,11,12,1,1,1,0,0,1,0,36,7,1,1,0,,0,1,4,106605,1
332  26  2,KH8,332,26,1464,1992,1108,29,3,1,0,1,3,71,11,1,0,0,0,0,1,0,36,2,0,1,0,,0,1,4,109228,1
332  27  3,KH8,332,27,1464,2003,1248,18,1,1,0,2,11,11,12,1,0,1,1,1,1,0,31,5,0,3,0,,0,0,5,152356,1
332  28  1,KH8,332,28,1464,1978,940,43,6,1,0,1,4,14,11,1,0,1,1,0,1,0,31,3,0,1,0,,0,0,5,150542,0
332  30  2,KH8,332,30,1464,1989,1078,32,4,1,0,1,6,71,12,1,0,0,1,0,1,0,31,4,1,2,0,,0,1,4,94230,1
333   1  1,KH8,333,1,1463,1988,1062,33,4,1,0,2,7,11,11,1,0,0,0,0,1,0,31,2,0,3,0,,0,1,3,26941,0
333   2  2,KH8,333,2,1463,1973,886,48,7,1,0,1,3,11,43,1,0,1,1,0,1,0,31,4,0,1,0,,0,1,4,102283,0
333   2  4,KH8,333,2,1463,2005,1267,16,1,1,0,2,10,11,43,1,0,1,1,0,1,0,31,4,0,3,0,,0,1,4,102283,0
333   3  4,KH8,333,3,1463,1995,1149,26,3,1,0,3,4,11,11,1,0,1,1,1,1,1,31,4,0,5,0,,1,1,5,189591,0
333   5  2,KH8,333,5,1463,1990,1084,31,4,1,0,1,6,11,11,1,0,1,1,0,1,0,31,4,0,2,0,,0,1,5,132837,0
333   5  3,KH8,333,5,1463,1991,1095,30,4,1,0,1,6,11,11,1,0,1,1,0,1,0,31,4,0,2,0,,1,1,5,132837,0
333   6  2,KH8,333,6,1463,1987,1053,34,4,1,0,1,3,14,11,1,0,0,0,1,0,0,31,5,1,1,0,,0,0,3,24236,0
333   7  1,KH8,333,7,1463,1999,1190,22,2,1,0,1,4,11,11,1,0,0,0,0,1,0,32,1,0,1,0,,1,1,5,133728,0
333   9  2,KH8,333,9,1463,1976,915,45,7,1,0,1,2,11,11,1,0,1,1,0,1,1,31,4,0,1,0,,1,1,5,188046,0
333  10  2,KH8,333,10,1463,1979,958,42,6,1,0,1,4,11,11,1,0,1,1,1,1,0,31,5,1,1,0,,0,0,5,142032,0
333  11  2,KH8,333,11,1463,2003,1238,18,1,1,0,2,8,11,11,1,0,1,1,1,1,0,31,2,0,3,0,,0,1,5,117505,0
333  12  3,KH8,333,12,1463,1986,1035,35,5,1,0,2,9,11,15,1,0,1,1,1,1,1,31,8,1,3,0,,0,1,5,169669,0
333  12  5,KH8,333,12,1463,1993,1117,28,3,1,0,3,4,11,15,1,0,1,1,1,1,1,31,8,1,5,0,,1,1,5,169669,0
333  14  4,KH8,333,14,1463,1988,1061,33,4,1,0,1,6,14,11,1,0,0,1,0,1,0,31,6,1,2,0,,1,0,5,126792,0
333  16  4,KH8,333,16,1463,2001,1224,19,1,1,0,1,4,71,11,1,0,0,0,1,1,0,31,4,0,1,0,,0,1,4,79812,0
333  17  2,KH8,333,17,1463,1980,963,41,6,1,0,2,8,11,11,1,0,0,1,1,1,1,31,6,0,3,0,,1,1,5,177050,1
333  17  3,KH8,333,17,1463,2003,1242,18,1,1,0,2,12,11,11,1,0,0,1,1,1,1,31,6,0,4,0,,0,1,5,177050,0
333  18  4,KH8,333,18,1463,2001,1217,20,2,1,0,3,2,11,43,1,1,1,1,1,1,1,31,4,0,5,1,,1,1,5,151318,0
333  19  1,KH8,333,19,1463,1982,986,39,5,1,0,2,7,11,11,1,0,0,0,0,1,0,31,4,1,3,0,,0,1,4,106277,1
333  19  3,KH8,333,19,1463,2005,1268,16,1,1,0,2,9,11,11,1,0,0,0,0,1,0,31,4,1,3,0,,0,1,4,106277,0
333  21  2,KH8,333,21,1463,1988,1057,33,4,1,0,1,3,11,11,1,0,1,0,0,1,0,31,2,0,1,0,,0,0,3,25702,0
333  22  2,KH8,333,22,1463,1983,1006,38,5,1,0,1,5,14,11,1,1,0,0,0,1,0,31,6,1,1,0,,0,0,3,42153,0
333  22  4,KH8,333,22,1463,2003,1240,18,1,1,0,1,5,14,11,1,1,0,0,0,1,0,31,6,1,1,0,,0,0,3,42153,0
333  24  3,KH8,333,24,1463,2000,1209,21,2,1,0,1,6,11,11,1,0,0,0,1,1,0,36,6,1,2,0,,0,1,4,69999,1
333  24  4,KH8,333,24,1463,2006,1277,15,1,1,0,2,7,11,11,1,0,0,0,1,1,0,36,6,1,3,0,,0,1,4,69999,0
333  25  3,KH8,333,25,1463,1988,1063,33,4,1,0,2,12,11,11,1,0,1,1,0,1,0,31,6,1,4,0,,1,1,5,153133,1
333  26  2,KH8,333,26,1463,1989,1070,32,4,1,0,2,9,11,43,1,0,1,1,0,1,1,31,5,1,3,0,,1,1,5,133809,0
333  27  1,KH8,333,27,1463,1987,1048,34,4,1,0,3,4,11,11,1,0,1,1,1,1,0,31,4,1,5,0,,1,1,5,174586,0
333  28  2,KH8,333,28,1463,1990,1089,31,4,1,0,2,12,71,11,1,0,1,1,0,1,0,31,5,1,4,0,,0,1,4,55847,0
333  29  2,KH8,333,29,1463,1976,918,45,7,1,0,1,5,11,11,1,0,0,0,0,1,0,31,5,0,1,0,,0,1,4,66373,1
333  29  4,KH8,333,29,1463,2003,1237,18,1,1,0,2,9,11,11,1,0,0,0,0,1,0,31,5,0,3,0,,0,0,4,66373,0
333  30  1,KH8,333,30,1463,1982,987,39,5,1,0,1,3,11,11,1,0,1,0,1,0,0,31,7,3,1,0,,0,1,4,74647,1
333  30  2,KH8,333,30,1463,2005,1263,16,1,1,0,1,5,11,11,1,0,1,0,1,0,0,31,7,3,1,0,,0,0,4,74647,0
334   1  2,KH8,334,1,1464,1977,934,44,6,1,0,1,5,11,12,1,0,1,1,1,1,0,31,4,0,1,0,,1,1,5,133536,0
334   2  3,KH8,334,2,1464,1984,1018,37,5,1,0,1,6,71,12,1,0,1,1,1,1,1,36,7,0,2,0,,0,1,5,208184,0
334   2  4,KH8,334,2,1464,1987,1047,34,4,1,0,3,4,71,12,1,0,1,1,1,1,1,36,7,0,5,0,,1,1,5,208184,0
334   4  2,KH8,334,4,1464,1999,1196,22,2,1,0,1,6,14,11,1,0,0,1,0,1,0,31,2,0,2,0,,0,0,4,48701,0
334   5  2,KH8,334,5,1464,1988,1067,33,4,1,0,1,3,11,12,1,0,1,1,1,1,1,35,4,1,1,0,,0,1,5,197550,0
334   5  3,KH8,334,5,1464,1999,1198,22,2,1,0,3,4,11,12,1,0,1,1,1,1,1,35,4,1,5,0,,1,1,5,197550,0
334   6  3,KH8,334,6,1464,1994,1130,27,3,1,0,3,4,11,11,1,0,1,1,0,1,0,35,4,0,5,0,,1,1,5,161764,0
334   6  4,KH8,334,6,1464,1996,1162,25,3,1,0,3,2,11,11,1,0,1,1,0,1,0,35,4,0,5,0,,1,1,5,161764,0
334   8  4,KH8,334,8,1464,2003,1243,18,1,1,0,2,12,71,12,1,0,0,1,0,1,0,31,5,0,4,0,,0,1,4,78781,0
334   9  2,KH8,334,9,1464,1983,1003,38,5,1,0,2,7,11,11,1,0,0,1,1,1,0,31,5,2,3,0,,0,1,4,82992,1
334  10  2,KH8,334,10,1464,1996,1157,25,3,1,0,3,4,11,12,1,0,1,1,1,1,1,31,2,0,5,0,,1,1,5,178538,1
334  11  2,KH8,334,11,1464,1995,1142,26,3,1,0,3,4,11,12,1,0,0,1,0,1,0,31,2,0,5,0,,1,1,4,109665,0
334  16  2,KH8,334,16,1464,1980,969,41,6,1,0,1,6,11,12,1,0,0,0,0,1,0,31,5,0,2,0,,0,1,2,-17327,0
334  16  3,KH8,334,16,1464,2003,1243,18,1,1,0,2,10,11,12,1,0,0,0,0,1,0,31,5,0,3,0,,0,1,2,-17327,0
334  17  3,KH8,334,17,1464,1980,969,41,6,1,0,1,6,11,12,1,1,1,0,1,1,0,31,5,0,2,0,,0,1,4,85056,0
334  17  4,KH8,334,17,1464,1985,1028,36,5,1,0,2,10,11,12,1,1,1,0,1,1,0,31,5,0,3,0,,0,1,4,85056,0
334  17  5,KH8,334,17,1464,1990,1084,31,4,1,0,3,4,11,12,1,1,1,0,1,1,0,31,5,0,5,0,,1,1,4,85056,0
334  18  6,KH8,334,18,1464,2004,1255,17,1,1,0,2,10,71,12,1,0,1,1,1,1,0,36,8,1,3,0,,1,1,5,189386,0
334  18  7,KH8,334,18,1464,1993,1122,28,3,1,0,1,3,71,12,1,0,1,1,1,1,0,36,8,1,1,0,,0,1,5,189386,0
334  19  2,KH8,334,19,1464,1987,1049,34,4,1,0,3,4,11,14,1,0,1,1,0,1,1,31,6,0,5,0,,1,1,5,171642,0
334  19  3,KH8,334,19,1464,1989,1073,32,4,1,0,2,7,11,14,1,0,1,1,0,1,1,31,6,0,3,0,,1,1,5,171642,0
334  20  2,KH8,334,20,1464,1983,1006,38,5,1,0,0,,14,13,1,0,0,0,0,0,0,31,2,0,0,0,,0,0,3,13120,0
334  21  4,KH8,334,21,1464,1992,1114,29,3,1,0,3,4,11,11,1,0,1,1,0,1,1,35,5,0,5,0,,1,1,5,203887,0
334  22  2,KH8,334,22,1464,2005,1261,16,1,1,0,2,7,71,12,1,0,0,0,0,1,0,31,2,0,3,0,,0,1,3,-3355,0
334  24  2,KH8,334,24,1464,1994,1130,27,3,1,0,2,7,71,12,1,0,0,0,0,1,0,31,2,0,3,0,,0,1,3,32502,1
334  25  2,KH8,334,25,1464,1993,1118,28,3,1,0,2,9,11,11,1,0,0,0,0,1,0,31,4,1,3,0,,0,1,4,64524,0
334  26  3,KH8,334,26,1464,1993,1126,28,3,1,0,1,6,11,12,1,0,1,1,0,1,0,31,6,2,2,0,,0,1,4,86615,1
334  27  2,KH8,334,27,1464,2003,1239,18,1,1,0,2,8,11,12,1,0,0,0,0,0,0,31,3,1,3,0,,0,0,3,19257,0
334  28  2,KH8,334,28,1464,1975,906,46,7,1,0,2,12,11,12,1,0,1,0,0,1,0,31,5,0,4,0,,1,1,4,81501,0
334  29  2,KH8,334,29,1464,1995,1151,26,3,1,0,1,5,11,12,1,0,0,0,0,1,0,22,2,0,1,0,,0,0,3,36644,0
334  30  1,KH8,334,30,1464,1980,965,41,6,1,0,0,,71,12,1,0,0,0,0,0,0,31,2,0,0,0,,0,0,3,24920,0
335   1  3,KH8,335,1,1464,1988,1060,33,4,1,0,3,4,11,11,1,0,1,1,0,1,0,31,5,1,5,0,,1,1,5,152959,0
335   2  1,KH8,335,2,1464,1985,1032,36,5,1,0,2,11,11,11,1,0,0,0,0,0,0,31,5,2,3,0,,0,1,3,43037,1
335   5  3,KH8,335,5,1464,1989,1078,32,4,1,0,2,7,11,11,1,0,1,0,0,1,0,31,5,1,3,0,,0,0,4,58428,0
335   5  5,KH8,335,5,1464,2003,1242,18,1,1,0,2,11,11,11,1,0,1,0,0,1,0,31,5,1,3,0,,0,0,4,58428,0
335   6  3,KH8,335,6,1464,1989,1072,32,4,1,0,3,4,71,12,1,1,1,1,0,1,0,31,6,0,5,0,,1,1,5,156369,0
335   7  2,KH8,335,7,1464,1978,945,43,6,1,0,2,12,11,11,1,0,1,1,1,1,0,31,5,0,4,0,,1,1,5,188964,0
335   7  3,KH8,335,7,1464,1999,1193,22,2,1,0,3,4,11,11,1,0,1,1,1,1,0,31,5,0,5,0,,1,0,5,188964,1
335   7  4,KH8,335,7,1464,2004,1254,17,1,1,0,2,11,11,11,1,0,1,1,1,1,0,31,5,0,3,0,,0,0,5,188964,1
335   8  1,KH8,335,8,1464,1995,1150,26,3,1,0,3,4,11,11,1,0,0,1,0,1,0,33,3,0,5,0,,1,1,5,165567,0
335   9  3,KH8,335,9,1464,1996,1156,25,3,1,0,3,4,11,11,1,0,1,1,0,1,0,31,4,0,5,0,,1,1,5,179162,0
335  10  4,KH8,335,10,1464,1985,1021,36,5,1,0,2,9,14,11,1,0,1,1,1,1,1,31,7,0,3,0,,1,1,5,177906,0
335  12  2,KH8,335,12,1464,1988,1066,33,4,1,0,3,4,71,11,1,0,0,0,0,1,0,31,2,0,5,0,,0,1,5,121221,0
335  13  2,KH8,335,13,1464,1972,872,49,7,1,0,1,4,11,11,1,0,0,0,0,1,0,31,2,0,1,0,,0,1,4,87753,0
335  14  1,KH8,335,14,1464,1974,898,47,7,1,0,0,,11,11,1,0,0,1,0,1,0,31,6,0,0,0,,0,1,4,71193,1
335  14  3,KH8,335,14,1464,1994,1137,27,3,1,0,2,7,11,11,1,0,0,1,0,1,0,31,6,0,3,0,,0,1,4,71193,0
335  16  1,KH8,335,16,1464,1982,986,39,5,1,0,3,6,71,12,1,0,1,1,1,1,0,31,2,0,5,0,,1,1,4,92002,1
335  20  2,KH8,335,20,1464,1988,1060,33,4,1,0,2,9,71,12,1,0,1,1,0,1,1,31,11,0,3,0,,1,1,5,154297,0
335  21  4,KH8,335,21,1464,1991,1097,30,4,1,0,2,7,11,11,1,0,1,1,1,1,0,31,6,1,3,0,,0,1,5,182291,0
335  22  5,KH8,335,22,1464,1995,1150,26,3,1,0,3,4,11,12,1,0,1,1,1,1,0,35,5,0,5,0,,0,1,5,177835,1
335  23  7,KH8,335,23,1464,2000,1205,21,2,1,0,2,9,11,11,1,0,0,1,1,1,0,36,8,0,3,0,,1,1,5,198101,0
335  23  8,KH8,335,23,1464,2000,1211,21,2,1,0,2,9,11,11,1,0,0,1,1,1,0,36,8,0,3,0,,1,1,5,198101,0
335  24  1,KH8,335,24,1464,1989,1072,32,4,1,0,1,6,11,11,1,0,0,0,0,1,0,36,5,1,2,0,,0,1,5,127432,0
335  25  2,KH8,335,25,1464,1984,1012,37,5,1,0,2,9,11,12,1,0,1,1,1,1,1,31,4,0,3,0,,1,1,5,118819,0
335  26  2,KH8,335,26,1464,1991,1094,30,4,1,0,1,6,71,12,1,0,0,1,0,1,0,31,2,0,2,0,,0,1,4,70014,1
335  27  2,KH8,335,27,1464,1996,1159,25,3,1,0,0,,11,12,1,0,0,1,0,1,0,31,4,1,0,0,,0,1,4,87446,0
335  28  1,KH8,335,28,1464,1994,1132,27,3,1,0,3,4,11,11,1,0,0,1,0,1,0,36,2,0,5,0,,1,1,5,173757,0
335  28  2,KH8,335,28,1464,1995,1141,26,3,1,0,2,12,11,11,1,0,0,1,0,1,0,36,2,0,4,0,,1,1,5,173757,0
335  29  3,KH8,335,29,1464,1990,1082,31,4,1,0,1,4,11,11,1,0,1,0,0,1,0,31,5,1,1,0,,0,1,4,109204,1
336   2  2,KH8,336,2,1464,1984,1013,37,5,1,0,2,8,11,11,1,0,0,1,1,1,0,31,4,0,3,0,,1,1,5,143202,0
336   3  3,KH8,336,3,1464,1981,975,40,6,1,0,3,4,11,11,1,1,1,0,1,1,1,35,6,0,5,0,,1,1,5,177310,0
336   4  2,KH8,336,4,1464,1974,892,47,7,1,0,2,8,14,11,1,0,1,1,1,1,0,31,4,0,3,0,,0,0,5,145035,0
336   4  4,KH8,336,4,1464,2004,1259,17,1,1,0,2,12,14,11,1,0,1,1,1,1,0,31,4,0,4,0,,0,0,5,145035,0
336   5  1,KH8,336,5,1464,1985,1021,36,5,1,0,2,12,11,11,1,0,0,1,1,1,0,31,11,1,4,0,,0,1,5,166872,0
336   5  7,KH8,336,5,1464,2002,1228,19,1,1,0,3,0,11,11,1,0,0,1,1,1,0,31,11,1,5,0,,1,1,5,166872,0
336   5  9,KH8,336,5,1464,2004,1258,17,1,1,0,2,8,11,11,1,0,0,1,1,1,0,31,11,1,3,0,,1,1,5,166872,0
336   6  2,KH8,336,6,1464,1977,933,44,6,1,0,2,8,11,11,1,0,0,1,1,1,0,33,4,0,3,0,,1,1,5,165817,0
336   8  2,KH8,336,8,1464,1982,991,39,5,1,0,1,6,11,11,1,0,0,0,0,0,0,31,3,0,2,0,,0,1,4,82957,0
336   9  2,KH8,336,9,1464,1990,1089,31,4,1,0,3,2,11,11,1,0,1,1,0,1,0,31,4,2,5,0,,1,1,5,173405,0
336  10  4,KH8,336,10,1464,1996,1154,25,3,1,0,3,4,71,11,1,0,1,1,1,1,1,34,4,0,5,0,,1,1,5,209058,0
336  11  1,KH8,336,11,1464,1973,883,48,7,1,0,2,9,11,12,1,0,0,1,1,1,1,31,3,0,3,0,,0,0,5,180394,0
336  13  1,KH8,336,13,1464,1983,999,38,5,1,0,1,5,11,12,1,0,0,1,0,0,0,31,2,0,1,0,,0,1,4,105816,1
336  14  1,KH8,336,14,1464,1980,964,41,6,1,0,1,4,11,12,1,1,1,1,0,1,0,31,2,0,1,0,,0,1,4,95370,0
336  16  2,KH8,336,16,1464,1976,922,45,7,1,0,2,12,71,11,1,1,1,1,1,1,0,33,5,0,4,0,,1,1,5,163983,1
336  16  4,KH8,336,16,1464,2005,1270,16,1,1,0,2,10,71,11,1,1,1,1,1,1,0,33,5,0,3,0,,0,1,5,163983,0
336  17  3,KH8,336,17,1464,1986,1034,35,5,1,0,3,4,11,11,1,1,1,1,0,1,1,35,6,1,5,0,,1,1,5,162470,0
336  18  5,KH8,336,18,1464,1991,1095,30,4,1,0,1,4,11,12,1,1,0,1,1,1,0,31,7,2,1,0,,0,1,4,95328,1
336  20  3,KH8,336,20,1464,1991,1101,30,4,1,0,2,10,14,11,1,0,1,1,1,1,1,31,6,1,3,0,,0,0,5,169254,0
336  21  2,KH8,336,21,1464,1980,966,41,6,1,0,2,8,11,11,1,0,1,1,1,1,1,35,5,0,3,0,,1,1,5,205721,0
336  22  2,KH8,336,22,1464,1979,952,42,6,1,0,1,5,11,11,1,0,1,1,1,1,1,35,7,0,1,0,,0,1,5,166367,0
336  22  3,KH8,336,22,1464,1994,1130,27,3,1,0,3,4,11,11,1,0,1,1,1,1,1,35,7,0,5,0,,1,1,5,166367,0
336  22  5,KH8,336,22,1464,1997,1171,24,2,1,0,3,4,11,11,1,0,1,1,1,1,1,35,7,0,5,0,,1,1,5,166367,0
336  23  1,KH8,336,23,1464,1973,887,48,7,1,0,2,8,11,12,1,0,1,1,0,1,1,31,3,0,3,0,,1,1,5,159446,1
336  23  2,KH8,336,23,1464,1994,1140,27,3,1,0,3,8,11,12,1,0,1,1,0,1,1,31,3,0,5,0,,1,1,5,159446,0
336  23  3,KH8,336,23,1464,1986,1041,35,5,1,0,3,4,11,12,1,0,1,1,0,1,1,31,3,0,5,0,,1,1,5,159446,0
336  24  1,KH8,336,24,1464,1979,953,42,6,1,0,2,12,11,11,1,0,1,1,1,1,1,31,5,1,4,0,,1,1,5,184439,1
336  24  5,KH8,336,24,1464,1993,1123,28,3,1,0,2,12,11,11,1,0,1,1,1,1,1,31,5,1,4,0,,0,1,5,184439,0
336  25  1,KH8,336,25,1464,1986,1037,35,5,1,0,2,12,11,12,1,1,1,1,1,1,1,35,5,0,4,0,,1,1,5,198891,0
336  26  2,KH8,336,26,1464,1993,1123,28,3,1,0,2,9,11,11,1,0,0,0,0,1,0,31,2,0,3,0,,0,1,4,55105,0
336  27  2,KH8,336,27,1464,1987,1049,34,4,1,0,2,7,11,12,1,0,1,1,1,1,0,31,4,0,3,0,,0,1,5,125662,0
336  28  3,KH8,336,28,1464,1984,1020,37,5,1,0,2,9,14,11,1,0,1,1,1,1,1,31,6,3,3,0,,1,0,5,180769,0
336  29  1,KH8,336,29,1464,1994,1129,27,3,1,0,3,4,11,12,1,0,0,0,1,1,0,35,8,2,5,0,,0,1,5,130785,1
336  29  6,KH8,336,29,1464,2002,1225,19,1,1,0,2,11,11,12,1,0,0,0,1,1,0,35,8,2,3,0,,1,1,5,130785,1
336  29  8,KH8,336,29,1464,1998,1187,23,2,1,0,2,11,11,12,1,0,0,0,1,1,0,35,8,2,3,0,,1,1,5,130785,0
336  30  1,KH8,336,30,1464,1981,983,40,6,1,0,2,9,11,12,1,1,1,1,1,1,1,31,5,0,3,0,,0,1,5,138259,0
336  30  3,KH8,336,30,1464,2000,1205,21,2,1,0,3,0,11,12,1,1,1,1,1,1,1,31,5,0,5,0,,1,1,5,138259,0
336  30  4,KH8,336,30,1464,2004,1256,17,1,1,0,2,10,11,12,1,1,1,1,1,1,1,31,5,0,3,0,,1,1,5,138259,0
337   1  2,KH8,337,1,1463,1987,1049,34,4,1,0,1,5,11,11,1,0,0,0,0,1,0,31,4,0,1,0,,0,0,4,69326,0
337   2  1,KH8,337,2,1463,1975,902,46,7,1,0,0,,71,11,1,0,1,1,0,1,0,31,5,0,0,0,,0,1,5,162122,0
337   2  3,KH8,337,2,1463,1999,1196,22,2,1,0,3,3,71,11,1,0,1,1,0,1,0,31,5,0,5,0,,1,1,5,162122,0
337   2  4,KH8,337,2,1463,2003,1246,18,1,1,0,2,12,71,11,1,0,1,1,0,1,0,31,5,0,4,0,,0,1,5,162122,0
337   3  2,KH8,337,3,1463,1981,980,40,6,1,0,0,,11,11,1,1,1,1,1,1,0,31,4,0,0,0,,0,0,5,144891,0
337   3  3,KH8,337,3,1463,2002,1231,19,1,1,0,2,12,11,11,1,1,1,1,1,1,0,31,4,0,4,0,,1,0,5,144891,0
337   4  3,KH8,337,4,1463,1986,1038,35,5,1,0,3,4,14,11,1,0,1,1,0,1,1,31,4,0,5,0,,1,1,5,177640,0
337   5  2,KH8,337,5,1463,1981,983,40,6,1,0,1,5,11,11,1,0,1,0,1,1,0,31,4,0,1,0,,0,0,4,75243,0
337   5  3,KH8,337,5,1463,2005,1268,16,1,1,0,2,9,11,11,1,0,1,0,1,1,0,31,4,0,3,0,,0,0,4,75243,1
337   7  3,KH8,337,7,1463,1992,1108,29,3,1,0,2,12,11,11,1,0,1,1,1,1,0,31,4,0,4,0,,1,1,5,176534,0
337   8  5,KH8,337,8,1463,2000,1207,21,2,1,0,3,1,11,11,1,0,1,1,0,1,1,33,9,2,5,0,,1,1,5,171926,1
337   8  7,KH8,337,8,1463,1999,1193,22,2,1,0,1,6,11,11,1,0,1,1,0,1,1,33,9,2,2,0,,0,1,5,171926,1
337   9  1,KH8,337,9,1463,1995,1143,26,3,1,0,2,12,11,11,1,0,0,0,0,0,1,31,3,1,4,0,,1,1,5,113849,0
337  10  3,KH8,337,10,1463,1989,1070,32,4,1,0,2,9,11,11,1,1,1,0,1,1,0,31,7,2,3,0,,1,1,5,133419,1
337  11  2,KH8,337,11,1463,1991,1093,30,4,1,0,1,6,11,11,1,0,0,0,0,1,0,31,2,0,2,0,,0,0,4,111958,0
337  13  4,KH8,337,13,1463,2000,1209,21,2,1,0,2,12,11,11,1,0,1,0,0,1,0,31,4,0,4,0,,1,1,5,150062,0
337  14  3,KH8,337,14,1463,1987,1052,34,4,1,0,1,4,71,11,1,0,1,1,1,1,0,31,7,1,1,0,,0,0,5,174151,0
337  14  4,KH8,337,14,1463,1991,1100,30,4,1,0,3,4,71,11,1,0,1,1,1,1,0,31,7,1,5,0,,0,1,5,174151,0
337  15  2,KH8,337,15,1463,1979,951,42,6,1,0,2,9,11,11,1,0,1,1,1,1,1,31,3,0,3,0,,0,1,5,169467,0
337  16  2,KH8,337,16,1463,1982,989,39,5,1,0,2,12,11,11,1,0,0,1,1,1,0,31,5,1,4,0,,0,1,5,166872,0
337  17  2,KH8,337,17,1463,1982,996,38,5,1,0,1,2,11,11,1,0,0,0,0,1,0,31,8,1,1,0,,0,1,4,110544,0
337  17  4,KH8,337,17,1463,2002,1232,19,1,1,0,2,8,11,11,1,0,0,0,0,1,0,31,8,1,3,0,,0,1,4,110544,1
337  17  6,KH8,337,17,1463,2005,1272,15,1,1,0,2,10,11,11,1,0,0,0,0,1,0,31,8,1,3,0,,0,1,4,110544,0
337  18  2,KH8,337,18,1463,1982,987,39,5,1,0,1,2,11,11,1,0,1,1,0,1,0,31,5,1,1,0,,0,1,4,88405,1
337  18  3,KH8,337,18,1463,2004,1254,17,1,1,0,1,5,11,11,1,0,1,1,0,1,0,31,5,1,1,0,,0,1,4,88405,0
337  19  3,KH8,337,19,1463,1993,1127,28,3,1,0,2,8,11,11,1,1,1,0,0,1,0,31,6,1,3,0,,1,1,5,113030,1
337  20  3,KH8,337,20,1463,1992,1115,29,3,1,0,2,8,14,11,1,0,1,1,1,1,0,31,8,1,3,0,,0,0,4,100215,0
337  20  5,KH8,337,20,1463,2004,1257,17,1,1,0,2,8,14,11,1,0,1,1,1,1,0,31,8,1,3,0,,1,0,4,100215,0
337  21  3,KH8,337,21,1463,1996,1164,24,2,1,0,1,5,11,11,1,0,0,0,0,0,0,31,6,0,1,0,,0,1,4,74321,0
337  21  4,KH8,337,21,1463,1999,1193,22,2,1,0,2,7,11,11,1,0,0,0,0,0,0,31,6,0,3,0,,0,1,4,74321,0
337  21  5,KH8,337,21,1463,2006,1275,15,1,1,0,1,5,11,11,1,0,0,0,0,0,0,31,6,0,1,0,,0,1,4,74321,0
337  21  6,KH8,337,21,1463,2006,1275,15,1,1,0,1,5,11,11,1,0,0,0,0,0,0,31,6,0,1,0,,0,1,4,74321,0
337  22  2,KH8,337,22,1463,1992,1114,29,3,1,0,2,7,11,11,1,0,1,1,1,1,1,31,3,0,3,0,,1,1,5,176311,1
337  24  1,KH8,337,24,1463,1987,1045,34,4,1,0,2,8,11,11,1,1,1,1,1,1,0,34,3,1,3,0,,1,1,5,183123,0
337  25  2,KH8,337,25,1463,1998,1180,23,2,1,0,2,12,11,11,1,0,0,1,0,1,0,31,2,0,4,0,,0,1,5,130288,0
337  26  2,KH8,337,26,1463,1992,1112,29,3,1,0,1,6,71,11,1,0,1,1,1,1,0,31,7,1,2,0,,0,1,5,125400,1
337  27  2,KH8,337,27,1463,1975,904,46,7,1,0,2,9,11,11,1,0,1,1,1,1,1,36,7,1,3,0,,0,1,5,204822,1
337  27  4,KH8,337,27,1463,2000,1201,21,2,1,0,2,9,11,11,1,0,1,1,1,1,1,36,7,1,3,0,,0,1,5,204822,1
337  28  2,KH8,337,28,1463,1995,1149,26,3,1,0,1,5,14,11,1,0,0,1,0,1,1,31,4,1,1,0,,0,0,5,148543,0
337  29  3,KH8,337,29,1463,1998,1185,23,2,1,0,1,6,11,11,1,1,0,0,1,1,0,31,5,1,2,0,,0,0,4,112170,0
337  30  2,KH8,337,30,1463,2001,1215,20,2,1,0,2,10,11,12,1,0,0,1,0,1,0,31,3,1,3,0,,0,1,4,105613,1
338   2  2,KH8,338,2,1463,1987,1047,34,4,1,0,2,9,11,11,1,0,0,0,0,0,0,33,4,1,3,0,,1,1,4,107389,0
338   3  2,KH8,338,3,1463,1978,941,43,6,1,0,1,3,11,11,1,0,0,0,0,0,0,31,2,0,1,0,,1,1,4,100807,1
338   6  2,KH8,338,6,1463,1987,1046,34,4,1,0,3,3,14,11,1,0,1,1,1,1,1,31,6,1,5,0,,1,1,5,178806,0
338   7  2,KH8,338,7,1463,1981,973,40,6,1,0,1,2,11,11,1,0,0,0,1,0,0,31,4,0,1,0,,0,1,4,80344,0
338   7  3,KH8,338,7,1463,2006,1277,15,1,1,0,1,6,11,11,1,0,0,0,1,0,0,31,4,0,2,0,,0,0,4,80344,0
338   8  3,KH8,338,8,1463,1988,1066,33,4,1,0,2,9,11,11,1,0,1,1,1,1,0,36,7,1,3,0,,1,1,5,183652,1
338   8  7,KH8,338,8,1463,2006,1275,15,1,1,0,2,8,11,11,1,0,1,1,1,1,0,36,7,1,3,0,,0,1,5,183652,0
338  10  2,KH8,338,10,1463,1975,911,46,7,1,0,2,9,71,11,1,0,1,1,0,0,1,36,3,0,3,0,,1,1,5,187636,0
338  12  1,KH8,338,12,1463,1984,1016,37,5,1,0,2,11,14,11,1,0,1,1,1,1,0,35,3,1,3,0,,1,0,5,189274,0
338  13  2,KH8,338,13,1463,1988,1057,33,4,1,0,2,11,11,11,1,0,1,1,0,1,1,31,4,0,3,0,,1,1,5,166261,1
338  14  2,KH8,338,14,1463,1980,970,41,6,1,0,2,9,11,11,1,0,0,1,1,1,1,34,3,0,3,0,,0,1,5,206476,0
338  15  3,KH8,338,15,1463,1985,1024,36,5,1,0,1,5,11,11,1,0,1,1,0,1,0,31,6,1,1,0,,0,1,5,123607,0
338  16  1,KH8,338,16,1463,1979,958,42,6,1,0,1,5,11,11,1,1,1,1,0,1,0,31,2,0,1,0,,0,1,5,145755,0
338  17  2,KH8,338,17,1463,1988,1057,33,4,1,0,3,4,11,11,1,0,1,1,1,1,1,36,4,1,5,0,,1,0,5,221473,0
338  18  2,KH8,338,18,1463,1972,865,49,7,1,0,2,9,71,11,1,0,0,1,0,1,0,36,4,0,3,0,,1,1,5,171620,0
338  19  2,KH8,338,19,1463,1988,1066,33,4,1,0,2,8,11,11,1,1,1,1,1,1,1,33,5,0,3,0,,1,1,5,190167,0
338  19  5,KH8,338,19,1463,2005,1262,16,1,1,0,1,6,11,11,1,1,1,1,1,1,1,33,5,0,2,0,,0,1,5,190167,0
338  20  2,KH8,338,20,1463,1989,1077,32,4,1,0,3,4,14,11,1,1,1,1,1,1,1,31,11,1,5,0,,1,2,5,183026,0
338  20  7,KH8,338,20,1463,1987,1050,34,4,1,0,1,3,14,11,1,1,1,1,1,1,1,31,11,1,1,0,,1,0,5,183026,0
338  22  1,KH8,338,22,1463,1978,937,43,6,1,0,2,8,11,11,1,0,1,1,1,1,0,36,3,0,3,0,,0,1,5,158473,1
338  24  2,KH8,338,24,1463,1980,971,41,6,1,0,2,9,11,11,1,0,1,1,1,1,1,31,4,0,3,0,,0,1,5,176487,1
338  25  2,KH8,338,25,1463,1981,975,40,6,1,0,2,9,11,11,1,0,1,1,1,1,1,31,6,0,3,0,,1,1,5,199127,0
338  26  2,KH8,338,26,1463,1979,951,42,6,1,0,2,8,71,11,1,0,1,0,0,0,0,31,3,0,3,0,,0,1,4,100526,0
338  26  3,KH8,338,26,1463,2003,1245,18,1,1,0,2,11,71,11,1,0,1,0,0,0,0,31,3,0,3,0,,0,1,4,100526,0
338  27  3,KH8,338,27,1463,1990,1089,31,4,1,0,0,,11,11,1,0,1,0,1,1,1,31,5,0,0,0,,0,1,5,162391,0
338  28  2,KH8,338,28,1463,1986,1037,35,5,1,0,2,12,14,11,1,0,1,1,0,1,1,35,6,1,4,0,,1,0,5,184482,0
338  30  1,KH8,338,30,1463,1976,924,44,6,1,0,1,5,11,11,1,0,1,1,1,1,1,31,6,0,1,0,,1,1,5,199635,1
338  30  3,KH8,338,30,1463,2004,1257,17,1,1,0,2,11,11,11,1,0,1,1,1,1,1,31,6,0,3,0,,0,1,5,199635,0
338  30  5,KH8,338,30,1463,2006,1280,15,1,1,0,2,8,11,11,1,0,1,1,1,1,1,31,6,0,3,0,,0,1,5,199635,0
338  30  6,KH8,338,30,1463,2004,1259,17,1,1,0,2,10,11,11,1,0,1,1,1,1,1,31,6,0,3,0,,0,1,5,199635,0
339   1  1,KH8,339,1,1463,1985,1031,36,5,1,0,1,5,11,11,1,0,0,1,1,1,0,35,5,0,1,0,,0,1,4,90594,0
339   2  3,KH8,339,2,1463,1982,996,38,5,1,0,2,12,11,11,1,1,1,1,1,1,1,31,9,1,4,0,,0,1,5,184120,0
339   2  4,KH8,339,2,1463,1997,1174,24,2,1,0,3,4,11,11,1,1,1,1,1,1,1,31,9,1,5,0,,1,1,5,184120,0
339   3  1,KH8,339,3,1463,1981,981,40,6,1,0,2,8,11,11,1,0,1,1,1,1,1,31,4,0,3,0,,1,0,5,202005,0
339   4  1,KH8,339,4,1463,1993,1118,28,3,1,0,1,4,71,11,1,0,0,0,0,0,0,31,2,0,1,0,,0,1,4,80050,0
339   4  2,KH8,339,4,1463,2004,1252,17,1,1,0,2,9,71,11,1,0,0,0,0,0,0,31,2,0,3,0,,0,1,4,80050,0
339   6  3,KH8,339,6,1463,1992,1110,29,3,1,0,2,9,14,11,1,0,1,1,1,1,1,35,6,0,3,0,,1,0,5,208056,0
339   8  1,KH8,339,8,1463,1980,965,41,6,1,0,1,2,71,11,1,0,0,0,0,1,0,36,4,0,1,0,,0,1,4,108704,0
339   9  2,KH8,339,9,1463,1986,1037,35,5,1,0,2,8,11,11,1,0,1,0,1,1,1,31,5,1,3,0,,0,1,5,134532,0
339  12  5,KH8,339,12,1463,1990,1081,31,4,1,0,3,4,11,11,1,0,1,1,1,1,1,31,6,1,5,0,,1,1,5,195332,1
339  14  3,KH8,339,14,1463,2003,1246,18,1,1,0,2,11,14,11,1,1,1,1,0,1,0,31,3,0,3,0,,0,0,5,168819,0
339  15  2,KH8,339,15,1463,1987,1051,34,4,1,0,0,,11,11,1,0,1,0,1,1,0,31,4,2,0,0,,0,0,5,120653,0
339  16  2,KH8,339,16,1463,1994,1129,27,3,1,0,2,9,71,11,1,0,0,0,0,1,0,31,4,1,3,0,,0,1,4,83072,1
339  16  4,KH8,339,16,1463,2005,1266,16,1,1,0,1,3,71,11,1,0,0,0,0,1,0,31,4,1,1,0,,0,1,4,83072,0
339  17  2,KH8,339,17,1463,1985,1028,36,5,1,0,1,5,11,11,1,0,0,0,0,1,0,31,3,0,1,0,,0,0,4,55718,0
339  17  3,KH8,339,17,1463,1999,1198,22,2,1,0,3,3,11,11,1,0,0,0,0,1,0,31,3,0,5,0,,1,0,4,55718,0
339  18  2,KH8,339,18,1463,1985,1030,36,5,1,0,1,4,11,11,1,0,1,1,0,1,1,33,5,1,1,0,,0,1,5,211215,0
339  18  4,KH8,339,18,1463,2005,1270,16,1,1,0,2,9,11,11,1,0,1,1,0,1,1,33,5,1,3,0,,0,1,5,211215,0
339  19  1,KH8,339,19,1463,1996,1154,25,3,1,0,2,12,11,11,1,0,1,1,0,1,1,36,12,1,4,0,,1,1,5,196604,0
339  19  8,KH8,339,19,1463,1999,1191,22,2,1,0,1,5,11,11,1,0,1,1,0,1,1,36,12,1,1,0,,0,1,5,196604,0
339  19  9,KH8,339,19,1463,1985,1021,36,5,1,0,1,4,11,11,1,0,1,1,0,1,1,36,12,1,1,0,,0,1,5,196604,0
339  19 10,KH8,339,19,1463,1999,1192,22,2,1,0,0,,11,11,1,0,1,1,0,1,1,36,12,1,0,0,,0,0,5,196604,0
339  19 11,KH8,339,19,1463,2001,1222,20,2,1,0,2,7,11,11,1,0,1,1,0,1,1,36,12,1,3,0,,0,1,5,196604,0
339  19 12,KH8,339,19,1463,2006,1276,15,1,1,0,2,8,11,11,1,0,1,1,0,1,1,36,12,1,3,0,,0,1,5,196604,0
339  20  2,KH8,339,20,1463,1980,963,41,6,1,0,1,4,11,11,1,0,0,1,1,1,0,31,4,0,1,0,,0,1,5,133664,1
339  22  3,KH8,339,22,1463,1994,1129,27,3,1,0,2,9,14,11,1,0,1,1,1,1,0,33,8,0,3,0,,1,0,5,171430,0
339  22  5,KH8,339,22,1463,1994,1129,27,3,1,0,2,9,14,11,1,0,1,1,1,1,0,33,8,0,3,0,,0,0,5,171430,0
339  22  6,KH8,339,22,1463,1995,1143,26,3,1,0,2,12,14,11,1,0,1,1,1,1,0,33,8,0,4,0,,1,1,5,171430,0
339  23  2,KH8,339,23,1463,2001,1216,20,2,1,0,2,11,11,11,1,0,1,1,0,1,1,31,3,0,3,0,,1,1,5,177823,1
339  24  2,KH8,339,24,1463,1994,1133,27,3,1,0,3,4,71,11,1,0,1,1,1,1,1,31,5,1,5,0,,1,1,5,175921,1
339  24  4,KH8,339,24,1463,1979,951,42,6,1,0,1,6,71,11,1,0,1,1,1,1,1,31,5,1,2,0,,0,0,5,175921,0
339  25  1,KH8,339,25,1463,1982,990,39,5,1,0,1,5,11,11,1,0,0,0,0,1,0,31,2,0,1,0,,0,1,4,96986,1
339  26  2,KH8,339,26,1463,1994,1132,27,3,1,0,2,7,11,11,1,0,0,0,1,1,0,31,3,0,3,0,,0,1,4,97236,0
339  27  3,KH8,339,27,1463,1999,1193,22,2,1,0,2,12,11,11,1,0,1,1,0,1,0,31,8,1,4,0,,1,1,5,156507,0
339  27  6,KH8,339,27,1463,2002,1226,19,1,1,0,2,12,11,11,1,0,1,1,0,1,0,31,8,1,4,0,,0,1,5,156507,0
339  27  7,KH8,339,27,1463,2006,1275,15,1,1,0,2,8,11,11,1,0,1,1,0,1,0,31,8,1,3,0,,0,1,5,156507,0
339  28  2,KH8,339,28,1463,1983,1006,38,5,1,0,1,5,11,11,1,1,0,0,1,1,0,35,3,0,1,0,,0,1,5,115350,0
339  29  2,KH8,339,29,1463,1983,1006,38,5,1,0,1,5,11,11,1,0,0,1,1,1,1,35,4,0,1,0,,0,1,5,171151,1
339  29  3,KH8,339,29,1463,2003,1247,18,1,1,0,2,8,11,11,1,0,0,1,1,1,1,35,4,0,3,0,,0,1,5,171151,0
342   1  2,KH8,342,1,1465,1981,979,40,6,1,0,3,4,11,11,1,0,1,1,0,1,1,33,4,1,5,0,,1,1,5,188560,0
342   2  2,KH8,342,2,1465,1988,1067,33,4,1,0,3,4,11,11,1,0,1,1,0,1,1,34,4,1,5,0,,1,1,5,212123,0
342   4  2,KH8,342,4,1465,1981,981,40,6,1,0,3,10,11,11,1,0,1,1,0,1,1,34,8,1,5,0,,1,1,5,212123,0
342   4  6,KH8,342,4,1465,1992,1107,29,3,1,0,2,10,11,11,1,0,1,1,0,1,1,34,8,1,3,0,,1,1,5,212123,0
342   4  7,KH8,342,4,1465,1996,1154,25,3,1,0,2,9,11,11,1,0,1,1,0,1,1,34,8,1,3,0,,1,1,5,212123,0
342   4  8,KH8,342,4,1465,1998,1185,23,2,1,0,2,9,11,11,1,0,1,1,0,1,1,34,8,1,3,0,,1,1,5,212123,0
342   6  1,KH8,342,6,1465,1987,1053,34,4,1,0,2,7,14,11,1,0,1,1,1,1,1,35,5,1,3,0,,1,1,5,202315,0
342   8  1,KH8,342,8,1465,1985,1027,36,5,1,0,2,12,71,11,1,0,1,1,1,1,1,34,5,1,4,0,,1,1,5,209974,1
342   8  4,KH8,342,8,1465,2005,1263,16,1,1,0,2,11,71,11,1,0,1,1,1,1,1,34,5,1,3,0,,0,1,5,209974,0
342   8  5,KH8,342,8,1465,2006,1278,15,1,1,0,2,10,71,11,1,0,1,1,1,1,1,34,5,1,3,0,,0,1,5,209974,0
342   9  2,KH8,342,9,1465,1986,1033,36,5,1,0,3,4,11,11,1,0,1,1,1,1,0,34,4,0,5,0,,1,1,5,202210,0
342  10  2,KH8,342,10,1465,1999,1196,22,2,1,0,3,4,71,11,1,0,0,1,0,0,1,34,3,1,5,0,,1,1,5,185904,1
342  12  2,KH8,342,12,1465,1995,1144,26,3,1,0,3,6,11,11,1,0,1,1,1,1,1,34,5,0,5,0,,1,1,5,204398,0
342  12  4,KH8,342,12,1465,2001,1224,20,2,1,0,3,3,11,11,1,0,1,1,1,1,1,34,5,0,5,0,,0,1,5,204398,0
342  16  1,KH8,342,16,1465,1984,1019,37,5,1,0,2,12,11,11,1,0,1,1,1,1,1,34,5,1,4,0,,1,1,5,215759,1
342  16  3,KH8,342,16,1465,2004,1252,17,1,1,0,2,11,11,11,1,0,1,1,1,1,1,34,5,1,3,0,,1,1,5,215759,1
342  17  2,KH8,342,17,1465,1991,1097,30,4,1,0,2,12,11,11,1,0,1,1,0,1,1,33,4,1,4,0,,1,1,5,208090,0
342  18  2,KH8,342,18,1465,1986,1040,35,5,1,0,3,6,71,11,1,0,1,1,0,1,1,34,6,1,5,0,,1,1,5,209216,1
342  18  5,KH8,342,18,1465,2005,1270,16,1,1,0,2,7,71,11,1,0,1,1,0,1,1,34,6,1,3,0,,0,1,5,209216,1
342  18  6,KH8,342,18,1465,2006,1284,15,1,1,0,2,9,71,11,1,0,1,1,0,1,1,34,6,1,3,0,,0,1,5,209216,0
342  20  2,KH8,342,20,1465,1978,948,43,6,1,0,2,9,11,11,1,0,1,1,0,1,1,34,3,0,3,0,,1,1,5,204148,0
342  24  1,KH8,342,24,1465,1974,889,48,7,1,0,3,7,11,11,1,0,1,1,1,1,1,34,7,0,5,0,,1,1,5,221009,0
342  24  3,KH8,342,24,1465,1999,1197,22,2,1,0,3,3,11,11,1,0,1,1,1,1,1,34,7,0,5,0,,1,1,5,221009,0
342  24  7,KH8,342,24,1465,2004,1260,17,1,1,0,2,9,11,11,1,0,1,1,1,1,1,34,7,0,3,0,,0,1,5,221009,0
342  25  2,KH8,342,25,1465,1979,949,43,6,1,0,2,9,11,11,1,1,1,1,1,1,1,34,4,0,3,0,,1,1,5,216618,0
342  27  1,KH8,342,27,1465,1990,1090,31,4,1,0,3,4,11,11,1,0,1,1,1,1,1,34,4,0,5,0,,1,1,5,204467,0
342  28  3,KH8,342,28,1465,1980,972,41,6,1,0,2,9,11,11,1,0,1,1,1,1,1,34,14,2,3,0,,1,1,5,201519,0
342  28  8,KH8,342,28,1465,1983,1000,38,5,1,0,2,8,11,11,1,0,1,1,1,1,1,34,14,2,3,0,,1,1,5,201519,1
342  28 13,KH8,342,28,1465,1987,1045,35,5,1,0,0,,11,11,1,0,1,1,1,1,1,34,14,2,0,0,,0,1,5,201519,0
342  29  8,KH8,342,29,1465,1996,1161,25,3,1,0,1,6,11,11,1,0,1,1,1,1,1,34,10,0,2,0,,0,0,5,214353,0
342  29  9,KH8,342,29,1465,1973,879,48,7,1,0,1,2,11,11,1,0,1,1,1,1,1,34,10,0,1,0,,0,0,5,214353,0
342  29 10,KH8,342,29,1465,2005,1263,16,1,1,0,2,7,11,11,1,0,1,1,1,1,1,34,10,0,3,0,,0,0,5,214353,0
342  30  2,KH8,342,30,1465,1980,971,41,6,1,0,2,8,14,11,1,0,1,1,1,1,1,34,5,0,3,1,,1,1,5,227375,0
345   1  2,KH8,345,1,1463,1986,1039,35,5,1,0,0,,62,11,1,0,0,0,0,0,0,31,8,2,0,0,,0,0,4,50845,0
345   3  2,KH8,345,3,1463,1985,1025,36,5,1,0,0,,11,11,1,0,0,0,0,0,0,31,4,2,0,0,,0,0,4,80078,0
345   4  1,KH8,345,4,1463,1983,1005,38,5,1,0,0,,14,11,1,0,0,0,1,0,0,31,6,1,0,0,,0,0,4,97712,0
345   4  2,KH8,345,4,1463,1994,1132,27,3,1,0,1,3,14,11,1,0,0,0,1,0,0,31,6,1,1,0,,0,0,4,97712,0
345   4  3,KH8,345,4,1463,2004,1258,17,1,1,0,1,6,14,11,1,0,0,0,1,0,0,31,6,1,2,0,,0,0,4,97712,0
345   4  4,KH8,345,4,1463,2005,1271,16,1,1,0,1,6,14,11,1,0,0,0,1,0,0,31,6,1,2,0,,0,0,4,97712,0
345   5  1,KH8,345,5,1463,1988,1066,33,4,1,0,2,10,11,11,1,0,1,0,1,0,0,31,1,0,3,0,,0,1,4,103089,0
345   6  2,KH8,345,6,1463,1991,1094,30,4,1,0,2,9,71,11,1,0,1,1,0,1,0,31,3,1,3,0,,0,1,5,138875,1
345   7  2,KH8,345,7,1463,1993,1126,28,3,1,0,1,5,11,11,1,0,0,0,0,0,0,31,5,1,1,0,,0,0,4,77199,0
345   9  2,KH8,345,9,1463,1975,902,46,7,1,0,1,2,11,11,1,0,1,0,1,0,0,31,4,0,1,0,,0,1,4,59920,1
345  10  2,KH8,345,10,1463,1983,1001,38,5,1,0,1,4,11,11,1,0,0,0,1,0,0,31,8,2,1,0,,0,1,5,114144,0
345  10  3,KH8,345,10,1463,2005,1271,16,1,1,0,2,10,11,11,1,0,0,0,1,0,0,31,8,2,3,0,,0,1,5,114144,0
345  11  5,KH8,345,11,1463,2003,1246,18,1,1,0,2,9,11,11,1,0,1,1,1,0,0,33,9,1,3,0,,0,1,5,127924,0
345  11  6,KH8,345,11,1463,1999,1195,22,2,1,0,2,11,11,11,1,0,1,1,1,0,0,33,9,1,3,0,,0,1,5,127924,0
345  12  1,KH8,345,12,1463,1973,881,48,7,1,0,2,7,71,11,1,0,0,0,1,0,0,31,3,0,3,0,,0,0,4,81216,1
345  14  2,KH8,345,14,1463,1974,890,47,7,1,0,0,,71,11,1,0,0,0,0,0,0,31,5,1,0,0,,0,0,4,76503,1
345  15  1,KH8,345,15,1463,1990,1084,31,4,1,0,2,8,11,11,1,0,0,0,0,1,0,31,1,0,3,0,,0,0,4,99864,0
345  16  2,KH8,345,16,1463,1982,993,39,5,1,0,2,9,71,11,1,0,0,1,1,1,0,31,4,0,3,0,,0,1,5,125261,1
345  17  2,KH8,345,17,1463,1979,949,42,6,1,0,2,9,11,11,1,1,0,1,1,1,1,31,7,0,3,0,,0,1,5,171966,1
345  17  3,KH8,345,17,1463,2001,1222,20,2,1,0,3,1,11,11,1,1,0,1,1,1,1,31,7,0,5,0,,0,1,5,171966,0
345  17  4,KH8,345,17,1463,2005,1265,16,1,1,0,2,11,11,11,1,1,0,1,1,1,1,31,7,0,3,0,,0,1,5,171966,0
345  17  6,KH8,345,17,1463,2002,1229,19,1,1,0,3,1,11,11,1,1,0,1,1,1,1,31,7,0,5,0,,0,1,5,171966,0
345  17  7,KH8,345,17,1463,2002,1225,19,1,1,0,3,1,11,11,1,1,0,1,1,1,1,31,7,0,5,0,,0,1,5,171966,0
345  18  2,KH8,345,18,1463,2000,1201,21,2,1,0,2,8,14,11,1,0,0,1,0,1,0,31,4,2,3,0,,0,0,5,129744,0
345  19  2,KH8,345,19,1463,1987,1056,33,4,1,0,1,4,11,11,1,1,1,1,1,1,0,31,4,1,1,0,,0,1,5,138300,1
345  20  2,KH8,345,20,1463,1991,1104,29,3,1,0,2,7,71,11,1,0,1,1,1,1,0,31,5,1,3,0,,0,1,5,136246,1
345  21  2,KH8,345,21,1463,1989,1071,32,4,1,0,1,5,11,11,1,0,1,1,0,1,0,31,3,1,1,0,,0,1,5,129611,1
345  22  2,KH8,345,22,1463,1976,918,45,7,1,0,1,2,11,11,1,0,1,0,1,1,0,31,5,1,1,0,,0,0,5,124955,0
345  23  2,KH8,345,23,1463,2000,1204,21,2,1,0,2,8,11,11,1,0,0,1,0,1,0,31,2,0,3,0,,1,0,5,130211,0
345  24  2,KH8,345,24,1463,1988,1066,33,4,1,0,2,7,11,11,1,0,1,0,0,1,0,31,2,0,3,0,,0,1,5,139169,0
345  26  2,KH8,345,26,1463,1982,987,39,5,1,0,1,5,14,11,1,0,0,1,1,1,0,31,4,0,1,0,,0,0,5,133789,0
345  26  3,KH8,345,26,1463,2006,1275,15,1,1,0,2,8,14,11,1,0,0,1,1,1,0,31,4,0,3,0,,0,0,5,133789,0
345  27  3,KH8,345,27,1463,1992,1112,29,3,1,0,2,8,11,11,1,0,1,1,0,1,0,31,6,1,3,0,,0,0,5,138579,0
345  28  2,KH8,345,28,1463,1990,1092,30,4,1,0,3,4,71,11,1,0,1,1,0,1,1,33,5,1,5,0,,1,1,5,205430,0
345  28  4,KH8,345,28,1463,2005,1263,16,1,1,0,1,6,71,11,1,0,1,1,0,1,1,33,5,1,2,0,,0,1,5,205430,0
345  28  5,KH8,345,28,1463,2005,1268,16,1,1,0,1,6,71,11,1,0,1,1,0,1,1,33,5,1,2,0,,0,1,5,205430,0
345  29  2,KH8,345,29,1463,1974,897,47,7,1,0,0,,11,11,1,0,1,1,1,1,0,31,3,0,0,0,,0,0,5,156080,0
345  30  2,KH8,345,30,1463,1981,979,40,6,1,0,1,3,11,11,1,0,1,1,1,1,0,31,4,0,1,0,,0,0,5,148297,1
345  30  3,KH8,345,30,1463,2003,1245,18,1,1,0,2,12,11,11,1,0,1,1,1,1,0,31,4,0,4,0,,0,1,5,148297,0
346   2  3,KH8,346,2,1461,1995,1142,26,3,1,0,2,12,11,11,1,1,1,1,1,1,0,31,4,0,4,0,,1,1,5,139626,0
346   3  2,KH8,346,3,1461,1974,892,47,7,1,0,2,9,11,11,1,0,1,1,1,1,1,31,4,0,3,0,,0,1,5,181560,0
346   3  3,KH8,346,3,1461,1993,1124,28,3,1,0,2,12,11,11,1,0,1,1,1,1,1,31,4,0,4,0,,1,1,5,181560,0
346   4  3,KH8,346,4,1461,1983,1006,37,5,1,0,1,3,11,11,1,1,1,0,0,1,0,31,7,0,1,0,,0,0,4,64823,1
346   4  5,KH8,346,4,1461,2005,1261,16,1,1,0,1,6,11,11,1,1,1,0,0,1,0,31,7,0,2,0,,0,1,4,64823,1
346   6  1,KH8,346,6,1461,1986,1036,35,5,1,0,1,2,11,11,1,0,0,0,0,0,0,31,5,1,1,0,,0,0,4,82288,1
346   7  3,KH8,346,7,1461,1997,1166,24,2,1,0,1,4,11,11,1,0,0,0,1,1,0,31,5,1,1,0,,0,1,5,120253,0
346   8  2,KH8,346,8,1461,1993,1120,28,3,1,0,0,,11,43,1,0,1,0,0,1,0,31,5,2,0,0,,0,2,3,29820,0
346   9  1,KH8,346,9,1461,1995,1148,26,3,1,0,0,,11,11,1,0,0,0,0,0,0,31,1,0,0,0,,0,1,4,75491,1
346  10  1,KH8,346,10,1461,1998,1181,23,2,1,0,1,6,11,11,1,0,0,0,0,1,0,31,2,0,2,0,,0,1,4,94615,0
346  10  2,KH8,346,10,1461,2002,1228,19,1,1,0,0,,11,11,1,0,0,0,0,1,0,31,2,0,0,0,,0,0,4,94615,0
346  11  1,KH8,346,11,1461,1987,1053,34,4,1,0,0,,11,11,1,0,0,0,0,0,0,31,3,0,0,0,,0,0,4,70302,1
346  12  3,KH8,346,12,1461,1992,1106,29,3,1,0,1,3,12,11,1,0,1,1,1,0,0,31,3,0,1,0,,0,0,5,115263,0
346  13  2,KH8,346,13,1461,1980,969,41,6,1,0,0,,11,11,1,0,1,1,0,0,0,31,3,0,0,0,,0,1,5,118461,1
346  16  4,KH8,346,16,1461,1991,1097,30,4,1,0,2,9,14,11,1,0,1,1,1,1,0,35,7,1,3,1,,1,1,5,175743,0
346  16  5,KH8,346,16,1461,1993,1122,28,3,1,0,2,12,14,11,1,0,1,1,1,1,0,35,7,1,4,1,,1,1,5,175743,0
346  16  6,KH8,346,16,1461,2006,1280,15,1,1,0,2,9,14,11,1,0,1,1,1,1,0,35,7,1,3,1,,1,1,5,175743,0
346  18  1,KH8,346,18,1461,1980,962,41,6,1,0,0,,11,14,1,0,1,0,0,0,0,31,4,0,0,0,,0,0,4,87339,0
346  19  2,KH8,346,19,1461,1988,1065,33,4,1,0,2,9,11,11,1,0,0,1,1,1,0,31,4,0,3,0,,1,1,5,128681,1
346  20  3,KH8,346,20,1461,1992,1105,29,3,1,0,1,4,11,11,1,0,0,0,0,0,0,31,5,1,1,0,,0,0,3,25120,0
346  22  1,KH8,346,22,1461,1984,1012,37,5,1,0,0,,11,11,1,0,1,0,0,0,0,31,8,1,0,0,,0,0,4,97577,0
346  23  2,KH8,346,23,1461,1996,1159,25,3,1,0,1,5,11,11,1,0,0,0,0,1,0,31,7,1,1,0,,0,0,5,117702,0
346  23  4,KH8,346,23,1461,2000,1204,21,2,1,0,2,9,11,11,1,0,0,0,0,1,0,31,7,1,3,0,,0,0,5,117702,0
346  23  7,KH8,346,23,1461,2003,1247,17,1,1,0,2,9,11,11,1,0,0,0,0,1,0,31,7,1,3,0,,0,0,5,117702,0
346  24  2,KH8,346,24,1461,1984,1012,37,5,1,0,1,3,11,11,1,0,0,0,1,1,0,31,5,0,1,0,,0,1,4,89108,0
346  25  4,KH8,346,25,1461,2000,1201,21,2,1,0,2,8,11,11,1,0,1,0,1,1,0,31,8,4,3,0,,0,0,5,125741,0
346  26  3,KH8,346,26,1461,1994,1137,27,3,1,0,1,6,11,11,1,0,0,0,0,1,0,31,6,1,2,0,,0,1,4,72876,0
346  27  1,KH8,346,27,1461,1985,1022,36,5,1,0,1,1,11,11,1,0,1,0,0,0,0,31,4,0,1,0,,0,0,3,44531,1
346  28  3,KH8,346,28,1461,2003,1243,18,1,1,0,1,6,11,12,1,0,1,0,0,1,0,31,4,0,2,0,,0,1,4,50417,1
346  29  2,KH8,346,29,1461,1981,978,40,6,1,0,1,4,11,11,1,0,0,0,1,1,0,31,6,1,1,0,,0,0,4,56456,1
346  30  2,KH8,346,30,1461,1982,992,39,5,1,0,1,2,11,14,1,0,0,0,0,1,0,31,6,1,1,0,,0,0,3,34962,1
346  30  6,KH8,346,30,1461,2002,1228,19,1,1,0,2,8,11,14,1,0,0,0,0,1,0,31,6,1,3,0,,0,1,3,34962,1
347   2  3,KH8,347,2,1461,1990,1083,31,4,1,0,3,4,12,11,1,1,1,1,1,1,1,35,8,2,5,0,,1,1,5,191038,0
347   2  6,KH8,347,2,1461,1993,1119,28,3,1,0,3,4,12,11,1,1,1,1,1,1,1,35,8,2,5,0,,1,1,5,191038,0
347   3  2,KH8,347,3,1461,1986,1034,35,5,1,0,2,8,11,12,1,0,1,1,0,1,0,31,5,0,3,0,,0,1,5,134217,0
347   6  3,KH8,347,6,1461,1993,1121,28,3,1,0,2,12,14,11,1,0,1,1,0,1,1,31,4,0,4,0,,1,1,5,174777,0
347   8  2,KH8,347,8,1461,2000,1201,21,2,1,0,2,12,11,12,1,0,0,0,0,1,1,31,2,0,4,0,,1,1,5,143946,0
347   9  3,KH8,347,9,1461,1998,1187,22,2,1,0,2,12,11,11,1,0,1,1,0,1,0,31,6,1,4,0,,1,1,5,158717,1
347   9  4,KH8,347,9,1461,1998,1187,22,2,1,0,2,12,11,11,1,0,1,1,0,1,0,31,6,1,4,0,,0,1,5,158717,0
347  11  1,KH8,347,11,1461,1991,1103,29,3,1,0,2,12,11,11,1,0,1,0,0,1,0,31,4,1,4,0,,1,1,5,112860,0
347  11  2,KH8,347,11,1461,2000,1209,21,2,1,0,2,9,11,11,1,0,1,0,0,1,0,31,4,1,3,0,,1,1,5,112860,1
347  12  2,KH8,347,12,1461,1990,1081,31,4,1,0,0,,11,11,1,0,0,1,0,0,0,33,4,0,0,0,,1,1,5,129276,0
347  13  2,KH8,347,13,1461,1974,900,46,7,1,0,2,7,11,12,1,1,1,1,1,1,1,31,4,0,3,0,,0,1,5,181466,0
347  13  3,KH8,347,13,1461,1999,1196,22,2,1,0,3,3,11,12,1,1,1,1,1,1,1,31,4,0,5,0,,1,1,5,181466,0
347  14  2,KH8,347,14,1461,1980,968,41,6,1,0,2,9,11,11,1,0,1,1,1,1,0,31,3,0,3,0,,0,1,5,158384,0
347  16  2,KH8,347,16,1461,1989,1071,32,4,1,0,3,4,11,12,1,0,0,0,1,1,0,31,4,0,5,0,,1,1,5,127722,1
347  17  2,KH8,347,17,1461,1994,1134,27,3,1,0,3,4,11,11,1,0,1,1,1,1,0,31,4,1,5,0,,1,1,5,177449,0
347  18  2,KH8,347,18,1461,1972,867,49,7,1,0,1,5,11,12,1,0,1,0,0,1,0,31,2,0,1,0,,0,1,4,111444,0
347  20  2,KH8,347,20,1461,1986,1036,35,5,1,0,2,7,11,12,1,0,1,1,1,1,0,31,4,1,3,0,,0,1,5,122866,1
347  23  1,KH8,347,23,1461,1992,1114,28,3,1,0,2,12,11,12,1,0,0,1,0,1,0,31,2,0,4,0,,1,1,5,140884,0
347  23  2,KH8,347,23,1461,2000,1206,21,2,1,0,1,5,11,12,1,0,0,1,0,1,0,31,2,0,1,0,,0,0,5,140884,0
347  24  3,KH8,347,24,1461,1992,1114,28,3,1,0,2,7,11,11,1,1,1,1,1,1,0,31,9,2,3,0,,1,1,5,168945,0
347  25  3,KH8,347,25,1461,1989,1074,32,4,1,0,3,4,11,11,1,1,1,1,0,1,1,34,8,3,5,0,,1,1,5,209688,1
347  25  4,KH8,347,25,1461,1991,1103,29,3,1,0,3,4,11,11,1,1,1,1,0,1,1,34,8,3,5,0,,1,1,5,209688,1
347  26  2,KH8,347,26,1461,1985,1029,36,5,1,0,3,4,11,11,1,0,1,1,0,1,0,34,4,0,5,0,,1,1,5,199081,1
347  28  2,KH8,347,28,1461,1983,997,38,5,1,0,2,9,11,11,1,0,1,1,1,1,1,34,3,0,3,0,,1,1,5,200580,0
347  29  5,KH8,347,29,1461,1988,1065,33,4,1,0,2,8,11,12,1,0,1,1,1,1,1,35,9,2,3,0,,1,1,5,141569,0
349   1  5,KH8,349,1,1461,1995,1145,26,3,1,0,3,4,71,11,1,0,1,1,0,1,1,31,5,0,5,0,,1,1,5,181345,0
349   2  1,KH8,349,2,1461,1973,877,48,7,1,0,1,5,71,11,1,0,0,0,0,1,0,36,6,1,1,0,,0,1,5,139250,0
349   2  4,KH8,349,2,1461,2000,1202,21,2,1,0,2,8,71,11,1,0,0,0,0,1,0,36,6,1,3,0,,0,1,5,139250,0
349   2  5,KH8,349,2,1461,2001,1223,19,1,1,0,2,11,71,11,1,0,0,0,0,1,0,36,6,1,3,0,,0,1,5,139250,1
349   3  1,KH8,349,3,1461,1986,1033,35,5,1,0,2,10,11,11,1,0,1,1,0,1,1,36,2,0,3,0,,1,1,5,207450,0
349   4  2,KH8,349,4,1461,1988,1062,33,4,1,0,2,7,14,11,1,0,0,1,0,1,1,35,12,2,3,0,,1,1,5,182184,0
349   4  9,KH8,349,4,1461,2000,1209,21,2,1,0,3,1,14,11,1,0,0,1,0,1,1,35,12,2,5,0,,1,1,5,182184,0
349   8  2,KH8,349,8,1461,1987,1049,34,4,1,0,2,12,71,11,1,0,1,1,1,1,1,31,5,1,4,0,,1,1,5,196220,0
349   9  3,KH8,349,9,1461,1996,1154,25,3,1,0,3,4,71,11,1,0,1,1,1,1,1,31,5,1,5,0,,1,1,5,187337,0
349  11  2,KH8,349,11,1461,1978,943,43,6,1,0,2,7,11,11,1,1,1,1,0,1,1,35,6,0,3,0,,0,1,5,196608,0
349  11  5,KH8,349,11,1461,2002,1228,19,1,1,0,3,0,11,11,1,1,1,1,0,1,1,35,6,0,5,0,,1,1,5,196608,0
349  13  2,KH8,349,13,1461,1972,871,49,7,1,0,2,10,11,11,1,1,1,1,1,1,1,31,9,1,3,0,,1,1,5,200484,0
349  13  3,KH8,349,13,1461,1994,1129,27,3,1,0,3,8,11,11,1,1,1,1,1,1,1,31,9,1,5,0,,1,1,5,200484,0
349  14  2,KH8,349,14,1461,1985,1027,36,5,1,0,2,7,11,11,1,1,1,1,1,1,1,36,5,2,3,0,,1,1,5,223752,0
349  14  5,KH8,349,14,1461,1994,1139,26,3,1,0,1,5,11,11,1,1,1,1,1,1,1,36,5,2,1,0,,0,1,5,223752,0
349  17  4,KH8,349,17,1461,2002,1236,18,1,1,0,2,11,71,11,1,0,1,1,0,1,1,31,4,0,3,0,,1,1,5,166641,0
349  19  1,KH8,349,19,1461,1980,961,41,6,1,0,2,12,11,11,1,1,1,1,1,1,1,35,5,0,4,0,,1,1,5,209273,0
349  20  3,KH8,349,20,1461,1985,1026,36,5,1,0,3,4,14,11,1,1,1,1,1,1,1,35,8,1,5,0,,1,1,5,186089,0
349  20  8,KH8,349,20,1461,1991,1100,30,4,1,0,1,3,14,11,1,1,1,1,1,1,1,35,8,1,1,0,,0,0,5,186089,0
349  23  4,KH8,349,23,1461,1991,1100,30,4,1,0,2,9,11,11,1,0,0,1,0,1,0,36,6,1,3,0,,0,0,5,158562,0
349  24  4,KH8,349,24,1461,1995,1149,26,3,1,0,3,4,11,11,1,0,1,1,0,1,0,31,5,0,5,0,,1,1,5,152959,0
349  25  1,KH8,349,25,1461,1999,1198,21,2,1,0,2,10,11,11,1,0,0,1,0,0,0,36,1,0,3,0,,1,1,5,165340,0
349  26  3,KH8,349,26,1461,1987,1052,34,4,1,0,2,12,11,11,1,0,1,1,1,1,1,36,9,0,4,0,,0,1,5,224351,1
349  26  5,KH8,349,26,1461,1990,1089,31,4,1,0,2,12,11,11,1,0,1,1,1,1,1,36,9,0,4,0,,1,1,5,224351,0
349  27  1,KH8,349,27,1461,1995,1149,26,3,1,0,3,1,11,11,1,0,1,0,0,1,0,36,4,2,5,0,,0,1,5,167539,1
349  29  6,KH8,349,29,1461,1999,1199,21,2,1,0,1,5,11,11,1,0,1,1,1,1,0,36,11,0,1,0,,0,1,5,187986,0
349  29  7,KH8,349,29,1461,2006,1276,15,1,1,0,1,6,11,11,1,0,1,1,1,1,0,36,11,0,2,0,,0,1,5,187986,0
349  30  3,KH8,349,30,1461,1993,1118,28,3,1,0,3,4,11,11,1,1,1,1,1,1,1,31,6,2,5,0,,1,1,5,177160,0
